Code article,Libellé,Casier,Tenue en stock,Quantités minimum,en stock,consom.,Nbre de mois,Rotation,Prix achat,Valeur,Mois sans ventes,Mois depuis der.Ach.,CODE ARTICLE,FAMILLE
00003,FRAIS FIXE,,Non,,2.0,,,,10.35,20.7,,1.0,00003,DIV
00010,PIECE SPECIALE,,Oui,,,,,,56.67,,,22.0,00010,ZZZ
00010ATELIER,PIECE SPECIALE,,Oui,,,,,,14.4,,,19.0,00010ATELIER,MON
00010FOURNITURE,FOURNITURE DE BUREAU,,Oui,,,,,,950.0,,,19.0,00010FOURNITURE,DIV
00011,PRESTATIONS DE SERVICES,,Non,,-623.0,,,,0.42,,,,00011,ZZZ
00013,TRANSFERT DE CHARGES,,Non,,-3.0,,,,,,,,00013,DIV
00014,TRANSFERT DE CHARGES SANS TVA,,Non,,-1.0,,,,,,,,00014,DIV
00020,REPARATION,,Oui,,,,,,335.35,,,19.0,00020,ZZZ
00021,Dossier outillage,,Oui,,,,,,,,,,,
00023,REMISE GLOBALE,,Oui,,2.0,,1.0,,1.51,3.02,1.0,1.0,00023,DIV
00025,REGUL LIVRAISON,,Non,,25.0,,,,36.61,915.25,,1.0,00025,DIV
00135,RESSORT TURBOKADOR 1000 INOX,,Oui,,,,,,0.4336,,,,00135,610
00549,POIGNEE MANOEUVRE SURMOULE,,Oui,,,,,,,,,25.0,00549,FOP
01186,BAGUE A SERTIR INOX DN20/25,,Oui,,,48.0,1.0,5.0,1.0704,,11.0,1.0,01186,CAE
01187,BAGUE A SERTIR INOX,,Oui,,2098.0,-2082.0,3.0,-260.0,0.32,671.36,8.0,3.0,01187,CAE
01190,RAC FM24X200/DN25 RIA BZE UZ39,,Oui,,84.0,,,,,,,25.0,01190,RIA
01191,RAC FM36X200 DC33 RIA LAITON,,Oui,,8.0,,,,4.35,34.8,,25.0,01191,CFA
01194,RONDELLE FREINAGE RIA,,Oui,,342.0,,,,0.27,92.34,,25.0,01194,CAE
01281,CHAPEAU ROB 40 LAITON,,Oui,,,,,,2.45,,,25.0,01281,USI
01306.36X200,LANCE MOUSSE MF,,Oui,,,,,,90.0,,,18.0,01306.36X200,611
01387,NOTICE RIA NU TP DN25 ET 33,,Oui,,10114.0,,,,0.094,950.716,,21.0,01387,CAE
01983,"BAGUE FM1.5""NPT -FF1""1/2 BZE",,Oui,,240.0,,,,13.76,3302.4,,25.0,01983,CAE
02158,RESSORT DEBIKADOR 3000,,Oui,,,,,,,,,25.0,02158,612
02185,SIEGE RESSORT DEBIKADOR REGULE,,Oui,,,,,,,,,25.0,02185,USI
02197,FUT DE LANCE DN40 BRONZE,,Oui,,519.0,-519.0,6.0,-86.0,15.5767,8084.3073,6.0,6.0,02197,CAE
02200,FUT LANCE GFR F 20 BZE,,Oui,,,,,,16.0,,,14.0,02200,CAE
02784,ROB DMB 40/12-12 ALU,,Oui,,,2.0,6.0,1.0,27.2686,,10.0,6.0,02784,CAE
02837,ROB DMB 40/12-12 BZE,,Oui,,,2.0,6.0,1.0,37.8505,,7.0,6.0,02837,CAE
03147,CLE TRICOISE,,Oui,,219.0,182.0,6.0,17.0,0.93,203.67,,6.0,03147,CAE
03223,CLAPET ROB DN25 LAITON,,Oui,,,,4.0,,1.17,,4.0,4.0,03223,RIA
03229,JONC DIAM 14 INOX,,Oui,,44.0,,,,0.0215,0.946,,12.0,03229,CAE
03332,VOLANT DN80 CARRE 12 DIN390,CB402,Oui,,-1.0,6597.0,,600.0,0.63,,11.0,,03332,CAE
03352,TIGE ROB DEVIDOIR TOURN,,Oui,,,,4.0,,1.3423,,4.0,4.0,03352,MON
03353,TETE ROB DEVIDOIR TOUR,,Oui,,44.0,,,,1.95,85.8,,25.0,03353,MON
03392,RACCORD TOURNANT RIA LAITON,,Oui,,1.0,,,,5.67,5.67,,25.0,03392,RIA
03498,"ECROU 2.5""NST ALU",,Oui,,,,,,,,,25.0,03498,USI
03565,PROPORTIONNEUR RIA 160 L,,Oui,,,16.0,2.0,3.0,72.35,,6.0,2.0,03565,CAE
04001,1/2 RACC SYM GUIL 20/DC 25 ALU,,Oui,,,,,,3.33,,,,04001,CAE
04004,1/2 RAC SYM GUIL 40/DC45 ALU,,Oui,,,,,,4.3475,,,,04004,112
04012,1/2 RAC SYM GUIL 40/DR35 ALU,,Oui,,8.0,-8.0,3.0,-2.0,9.0,72.0,3.0,3.0,04012,CAE
04104,"BOITE SYM GUIL 40/FF1""1/2 ALU",,Oui,,520.0,,,,1.83,951.6,,12.0,04104,CAE
04212,1/2 RAC SYM GUIL 40/DR35 BZE,,Oui,,1038.0,-1036.0,6.0,-148.0,14.4848,15035.2224,7.0,6.0,04212,CAE
04212.DIAM33,1/2 RAC SYM GUIL 40/DR33 BZE,,Oui,,528.0,,,,12.65,6679.2,,12.0,04212.DIAM33,CAE
04264,"1/2 RAC SYM GUIL 40/FF1""1/2 BZ",,Oui,,,,,,18.1448,,,,04264,CAE
04602,1/2 RAC DSP 40/DR35 ALU,,Oui,,,,,,36.5456,,,20.0,04602,CAE
04642,"1/2 RAC DSP 40/FF1""1/2 ALU",,Oui,,,,,,43.3992,,,20.0,04642,CAE
05010,RAC STORZ D25 DA25 ASPI ALU,,Oui,,,22.0,1.0,2.0,3.3583,,11.0,1.0,05010,CAE
05030,"RAC STORZ FIXE D25 FF1"" ALU",,Oui,,,,4.0,,3.0,,4.0,4.0,05030,CAE
05033,"RAC STORZ FIXE C52 FF2"" ALU",,Oui,,,,3.0,,3.46,,3.0,3.0,05033,CAE
05521,1/2 RAC GFR M 20/DC25 BZE,,Oui,,,,,,10.0,,,14.0,05521,CAE
05531,1/2 RAC GFR F 20/DC25 BZE,,Oui,,,,,,6.8,,,21.0,05531,121
06067,JOINT TOR R21 NBR 80Sh A,,Oui,,5964.0,7891.0,1.0,718.0,0.051,304.164,1.0,1.0,06067,CAE
06111,JOINT HAUT DE LANCE DN20,,Oui,,-2739.0,,,,0.035,,,24.0,06111,CAE
06112,JOINT HAUT DE LANCE DN40,,Oui,,8471.0,,,,0.04,338.84,,23.0,06112,CAE
06161,"JOINT FD FILET 3/4"" NBR 80SH",,Oui,,-5.0,268.0,,25.0,0.035,,11.0,,06161,CAE
06162,"JOINT FOND FILET 1"" NBR 80Sh",,Oui,,-5.0,268.0,,25.0,0.04,,11.0,,06162,CAE
06163,"JOINT FOND FILET 1""1/4 NBR80Sh",,Oui,,10630.0,10128.0,5.0,921.0,0.04,425.2,11.0,5.0,06163,CAE
06164,"JOINT FD FILET 1""1/2 NBR",,Oui,,528.0,,,,0.1,52.8,,12.0,06164,261
06233,COLLIER SERRAGE VIS TUYAU 35,,Oui,,,49.0,2.0,6.0,0.8194,,1.0,2.0,06233,CFA
06326,"VANNE 1/4 TOUR FM/FF 1""1/2",,Oui,,53.0,7.0,9.0,1.0,25.16,1333.48,9.0,9.0,06326,CAE
06331,TUYAU RIA EDF DN33X30m,,Oui,,139.0,,,,53.28,7405.92,,16.0,06331,CAE
06354,TUYAU ASPI NU DN110-1M,,Oui,,,,,,19.98,,,25.0,06354,007
06547,TUYAU RIA EDF DN33X40m,,Oui,,2221.5,-522.5,11.0,-47.0,65.36,145197.24,9.0,11.0,06547,CAE
06668,COLLIER BAND-IT DN 25,,Oui,,143.0,,,,1.0807,154.5401,,25.0,06668,007
06669,COLLIER BAND-IT DN 33,,Oui,,176.0,2.0,7.0,1.0,0.801,140.976,7.0,7.0,06669,CAE
06777,JOINT TOR 110.74X1.78 NBR 70Sh,,Oui,,1000.0,,,,0.1551,155.1,,,06777,JOI
06949,TUBE 50X45 ALU CINTRABLE,,Oui,,1668.184,849.152,,107.0,3.38,5638.4484,8.0,,06949,CAE
06950,TUBE 40*34 ALU CINTRABLE,,Oui,,2361.443,190.074,4.0,48.0,3.19,7532.9936,4.0,4.0,06950,CAE
06956,TUBE PVC NOIR 25X19.6,,Oui,,,11.0,1.0,1.0,,,11.0,1.0,06956,MAT
07098,PROFILE COLLIERRIA DN25,,Oui,,961.0,,,,7.254,6971.094,,23.0,07098,RIA
07099,PROFILE COLLIER RIA DN33,,Oui,,151.0,,,,2.55,385.05,,23.0,07099,CAE
07156,"BAGUE FF1""1/2 -FF1""1/4 ALU",,Oui,,,62.0,2.0,6.0,4.6228,,7.0,2.0,07156,CAE
07350,ROB DMB 20/7-7 ALU,,Oui,,,2.0,6.0,1.0,26.5535,,10.0,6.0,07350,613
07360,ROBINET DMB,,Oui,,,,,,35.0,,,14.0,07360,613
07451.AV,DIV 3 ROB VOL DSP65 AV/DSP65,,Oui,,,,,,77.3828,,,,07451.AV,615
07560,ROBINET VDF,,Oui,,526.0,,,,21.5,11309.0,,12.0,07560,008
07682,DIFFUSEUR DMA,,Oui,,520.0,-517.0,11.0,-47.0,50.5,26260.0,11.0,11.0,07682,613
08212,JOINT TORIQUE R12,,Oui,,-5.0,192.0,,20.0,0.0047,,10.0,,08212,JOI
08213,JOINT TOR. R13 NITRILE 70SH,,Oui,,2.0,262.0,4.0,24.0,0.008,0.016,11.0,4.0,08213,JOI
08214,JOINT TORIQUE R14,,Oui,,-14.0,61.0,1.0,6.0,0.012,,1.0,1.0,08214,JOI
08216.80SH,JOINT TORIQUE R16 NBR 80Sh,,Oui,,5234.0,3486.0,1.0,349.0,0.0471,246.5214,10.0,1.0,08216.80SH,CAE
08218,JOINT TORIQUE R18 NBR 70Sh,,Oui,,2933.0,3450.0,8.0,314.0,0.0151,44.2883,11.0,8.0,08218,CAE
08220,JOINT TORIQUE R20,,Oui,,,,4.0,,0.0198,,4.0,4.0,08220,JOI
08221,JOINT TORIQUE R21,,Oui,,1042.0,-1028.0,3.0,-128.0,0.035,36.47,8.0,3.0,08221,261
08222,JOINT TORIQUE R22,,Oui,,517.0,,,,0.0305,15.7685,,12.0,08222,261
08224,JOINT TOR. R24 NITRILE 70SH,,Oui,,-56.0,280.0,1.0,26.0,0.0146,,1.0,1.0,08224,JOI
08226,JOINT TORIQUE R26 NBR 70Sh,,Oui,,18841.0,20604.0,5.0,1874.0,0.019,357.979,11.0,5.0,08226,CAE
08229,JOINT TORIQUE R29 NBR 70Sh,,Oui,,14360.0,1828.0,1.0,914.0,0.036,516.96,2.0,1.0,08229,CAE
08230,JOINT TORIQUE R30,,Oui,,6012.0,-2028.0,12.0,-169.0,0.0487,292.7844,12.0,12.0,08230,CAE
09329,CANNE ASPI STORZ 25,,Oui,,,,,,10.84,,,18.0,09329,CAE
09340,MALLETTE CONTROLE RIA,,Oui,,,,,,49.1543,,,,09340,410
09488,TUYAU RIA DN25/20 GUI DN20 ALU,,Oui,,,,,,27.6008,,,17.0,09488,007
09492,TUYAU RIA DN33/30 GUI DN40 ALU,,Oui,,,,3.0,,47.375,,4.0,3.0,09492,007
09504,TUYAU SEMI-RIGIDE SP NU DN25,,Oui,,20.0,,10.0,,84.8,1696.0,10.0,10.0,09504,CAE
09800,GAINE ASPI-RFLT DN300 10M AV,,Oui,,18.0,,,,,,,,09800,616
1000197,Graisse CRC savon noir 1Kg,,Oui,,2.0,,5.0,,15.92,31.84,5.0,5.0,1000197,AFO
1000217,Clé plate mixte 13. 440.13,IT,Oui,,2.0,,8.0,,4.28,8.56,8.0,8.0,1000217,AFO
1000294,Jeu 9 clés mâles lg tête sph.,,Oui,,3.0,,6.0,,14.0,42.0,6.0,6.0,1000294,AFO
1000443,Module 7 clés hexagonales,,Oui,,3.0,,6.0,,46.01,138.03,6.0,6.0,1000443,AFO
1000450,Pastille adhésive ø20 jaune,,Oui,,2400.0,,7.0,,0.0036,8.64,7.0,7.0,1000450,AFO
1000451,Pastille adhésive ø20 orange,,Oui,,400.0,,7.0,,0.0036,1.44,7.0,7.0,1000451,AFO
1000452,Pastille adhésive ø20 blanc,,Oui,,11520.0,,7.0,,0.0106,122.112,7.0,7.0,1000452,AFO
1000503,Module clé mixte,,Oui,,3.0,,6.0,,101.0,303.0,6.0,6.0,1000503,AFO
1000576,Clé à pipe débouchée de 9,,Oui,,3.0,,6.0,,4.61,13.83,6.0,6.0,1000576,AFO
1000577,Clé à pipe débouchée de 24,,Oui,,3.0,,6.0,,15.12,45.36,6.0,6.0,1000577,AFO
1000578,"Douille tournevis 1/2"" vis 6",,Oui,,3.0,,6.0,,13.33,39.99,6.0,6.0,1000578,AFO
1000579,"Douille tournevis 1/2"" vis 6",,Oui,,3.0,,6.0,,13.33,39.99,6.0,6.0,1000579,AFO
1000580,Clé cliquet 17 x 19 mm,,Oui,,3.0,,6.0,,35.0,105.0,6.0,6.0,1000580,AFO
1000581,Réglet inox 300mm,,Oui,,3.0,,6.0,,2.53,7.59,6.0,6.0,1000581,AFO
1000582,Module de 8 tournevis,,Oui,,3.0,,6.0,,43.34,130.02,6.0,6.0,1000582,AFO
1000583,Module clés à pipe débouchées,,Oui,,3.0,,6.0,,83.08,249.24,6.0,6.0,1000583,AFO
1000584,Monture de scie à métaux,,Oui,,3.0,,6.0,,19.18,57.54,6.0,6.0,1000584,AFO
1000585,Module 7 outils de frappe,,Oui,,3.0,,6.0,,73.96,221.88,6.0,6.0,1000585,AFO
1000586,"Clé à molette 12""",,Oui,,3.0,,6.0,,28.38,85.14,6.0,6.0,1000586,AFO
1000587,Pince multiprise CPE 250mm,,Oui,,3.0,,6.0,,17.0,51.0,6.0,6.0,1000587,AFO
1000588,Module de 5 limes,,Oui,,3.0,,6.0,,52.29,156.87,6.0,6.0,1000588,AFO
1000589,"Module cliquet douilles 6 1/2""",,Oui,,3.0,,6.0,,117.39,352.17,6.0,6.0,1000589,AFO
1000590,Servante 6 tiroirs rouge,,Oui,,3.0,,6.0,,325.94,977.82,6.0,6.0,1000590,AFO
1000699,POUBELLE 100L NOIRE,,Oui,,5.0,,5.0,,24.9916,124.958,11.0,5.0,1000699,AFO
1000766,BIG BLOCK KOPAL + CLE SERRAGE,,Oui,,1.0,,4.0,,640.0,640.0,4.0,4.0,1000766,AFO
1000767,PLAQUE DE SUPPORT,,Oui,,1.0,,4.0,,144.9,144.9,4.0,4.0,1000767,AFO
1000918,PINCE UNIVERSELLE,OKM,Oui,,3.0,,3.0,,16.2,48.6,3.0,3.0,1000918,AFO
1000973,ADAPTATEUR M-M 6.35X0.8MM,OKM,Oui,,200.0,,2.0,,0.1642,32.84,2.0,2.0,1000973,AFO
1000979,ENROULEUR CABLE 25M Ø 3X2.5MM²,OKM,Oui,,,,,,73.06,,,,1000979,AFO
1000984,MINI BALADEUSE PIVOTANTE,OKM,Oui,,1.0,,2.0,,14.5,14.5,2.0,2.0,1000984,AFO
1000985,PINCE CIRCLIPS EXTERIEURS,OKM,Oui,,1.0,,2.0,,18.99,18.99,2.0,2.0,1000985,AFO
1000986,COUPE-BOULONS COUPE AXIALE,,Oui,,1.0,,2.0,,40.62,40.62,2.0,2.0,1000986,AFO
1000987,PINCE COUPANTE MAXI 200 KG/MM²,OKM,Oui,,3.0,,2.0,,24.74,74.22,2.0,2.0,1000987,AFO
1000988,MASSETTE EMBOUT 50MM,OKM,Oui,,3.0,,2.0,,58.97,176.91,2.0,2.0,1000988,AFO
1001001,DISQUE A TRONCONNER ø125 X 1.6,OKM,Oui,,20.0,,2.0,,0.93,18.6,2.0,2.0,1001001,AFO
1001069,GOMME DE CARROSSIER,OKM,Oui,1.0,,,,,13.9,,,,1001069,AFO
10525,CONTRE BRIDE TURBO-MOTEUR 3 KW,,Oui,,,,,,,,,25.0,10525,USI
10527,CONTRE BRIDE TURBO-MOTEUR 2.2,,Oui,,,,,,,,,25.0,10527,USI
10528,DISTRIBUTEUR SENS HORAIRE,,Oui,,,,,,,,,25.0,10528,USI
10538,FIBULE,,Oui,,702.0,,,,0.99,694.98,,25.0,10538,RIA
10539,POULIE,,Oui,,169.0,,,,0.362,61.178,,25.0,10539,RIA
10544,TURBINE TURBO-MOTEUR 2.2KW,,Oui,,,,,,,,,25.0,10544,FOP
10563,FLASQUE AVANT TURBO-MOTEUR 2.2,,Oui,,,,,,,,,25.0,10563,USI
10564,FLASQUE AVANT TURBO-MOTEUR 3KW,,Oui,,,,,,,,,25.0,10564,USI
10569,COUVERCLE DISTRIBUTEUR TURBO-,,Oui,,,,,,5.9,,,25.0,10569,USI
10571,CORPS TURBO-MOTEUR 2.2 kW ALU,,Oui,,,,,,,,,25.0,10571,USI
10572,CORPS TURBO-MOTEUR 3 kW ALU,,Oui,,,,,,,,,25.0,10572,USI
10575,FLASQUE ARRIERE TURBO-MOTEUR,,Oui,,,,,,,,,25.0,10575,USI
10576,FLASQUE ARRIERE TURBO-MOTEUR,,Oui,,,,,,,,,25.0,10576,USI
10586,ORIFICE ORIENT. ENTREE TURBO-,,Oui,,,,,,,,,25.0,10586,USI
10589,TUBE SORTIE TURBO MOT 2.2W,,Oui,,,,,,,,,25.0,10589,USI
10590,TUBE ENTREE TURBO-MOTEUR 2.2KW,,Oui,,,,,,,,,25.0,10590,USI
10657,DISTRIBUTEUR TURBO MOTEUR 3KW,,Oui,,,,,,,,,25.0,10657,USI
10680,TUBE SORTIE TURBO-MOTEUR 3 KW,,Oui,,,,,,,,,25.0,10680,USI
10972,LANCE MONITOR SNAKE DN50 500L,,Oui,,,,,,140.39,,,,10972,612
10990,"TUBE EXT BAS 3""NST SUPPORT TEL",,Oui,,,,,,,,,25.0,10990,USI
11090,FLASQUE DN635 RIA DN33,,Oui,,8947.0,7442.0,,931.0,11.32,101280.04,1.0,,11090,CAE
11090.VERT,"FLASQUE RIA 635, VERT",,Oui,,,,10.0,,11.32,,10.0,10.0,11090.VERT,CAE
11164,FIBULE ORIENTEUR RIA DN33 INOX,,Oui,,583.0,,,,1.11,647.13,,25.0,11164,RIA
11165,PATTE D'ACCROCHE,,Oui,,317.0,,,,1.91,605.47,,25.0,11165,RIA
11204,MOYEU VENTILATEUR DN500 ALU,,Oui,,,,,,,,,25.0,11204,USI
11237,ORIFICE ORIENTABLE,,Oui,,,,,,,,,25.0,11237,USI
11269,ORIFICE ORIENTABLE -SORTIE,,Oui,,,,,,,,,25.0,11269,USI
11310,BOITE EAU DN19 - RIA BZE,,Oui,,,,2.0,,8.377,,2.0,2.0,11310,CAE
11313,BOUCHON RIA DN19/DN25 LAITON,,Oui,,-19.0,55.0,,55.0,2.6,,1.0,,11313,RIA
11316,RONDELLE CALAGE RIA DN19/DN25,,Oui,,1293.0,147.0,3.0,49.0,0.5,646.5,1.0,3.0,11316,RIA
11318,"COL CYGNE FM1/2""-RIA DN19 ALU",,Oui,,-5.0,,,,4.38,,,,11318,RIA
11319,"COL CYGNE FM3/4""-RIA DN25 ALU",,Oui,,77.0,56.0,10.0,6.0,2.6476,203.8652,1.0,10.0,11319,RIA
11338,COUSSINET,,Oui,,3081.0,,,,1.55,4775.55,,13.0,11338,CAE
11340,BOITE EAU DN40 - RIA DN 33 ALU,,Oui,,1009.0,,,,9.76,9847.84,,13.0,11340,CAE
11341,"COL CYGNE FM1""- RIA DN 33 ALU",,Oui,,112.0,,,,3.81,426.72,,25.0,11341,CAE
11342,BOUCHON,,Oui,,1502.0,,,,3.45,5181.9,,13.0,11342,CAE
11665,"CORPS ROB FM1""-RIA DN25 LAITON",,Oui,,1.0,,,,5.0,5.0,,25.0,11665,USI
11717,"CORPS ROB EQUER FM1""1/2-DN33",,Oui,,,,,,17.45,,,20.0,11717,CAE
11755,TUBE ALIMENTATION RIA DN19 FIX,,Oui,,179.0,,,,10.58,1893.82,,25.0,11755,USI
11756,SUPP TUB ROND RIA DN25 FIXE AZ,,Oui,,203.0,,,,11.8,2395.4,,25.0,11756,RIA
11759,TUB ALIM ROND RIA DN25 TP AZ,,Oui,,113.0,,,,11.89,1343.57,,25.0,11759,RIA
11798,ROUE HELICE TURBO POMPE,,Oui,,,,,,,,,25.0,11798,USI
11802,CORPS TURBO POMPE 1500 2000L,,Oui,,,,,,,,,25.0,11802,MON
11819,SUP TUY ROND RIA 33 FIXE ACIER,,Oui,,672.0,,,,12.29,8258.88,,25.0,11819,RIA
11923,ORIFICE SORTIE TURBO MOT 4KW,,Oui,,,,,,,,,25.0,11923,USI
11927,BAGUE PORTE JOINT TURBO-MOTEUR,,Oui,,,,,,4.5,,,25.0,11927,MON
12899,CROCHET MOBILE SUPPORT LANCE,,Oui,,,,,,5.11,,,25.0,12899,USI
12907,LEVIER MANOEUVRE SUPPORT LANCE,,Oui,,,,,,7.18,,,25.0,12907,USI
12909,MANETTE SECURITE SUPPORT LANCE,,Oui,,,,,,3.71,,,25.0,12909,USI
12910,BIELLETTE SECURITE SUPPORT,,Oui,,,,,,1.8387,,,25.0,12910,MON
12960,CANNE ASPI DN19 FF3/8,,Oui,,,50.0,,5.0,10.71,,11.0,,12960,007
13072,CORPS BAGUE TETE DIFF DEBIKADO,,Oui,,,,,,,,,25.0,13072,FOI
13175,BAGUE TETE DIFF EUROPEEN DN25,AB 701,Oui,,2854.0,,,,0.47,1341.38,,19.0,13175,CAE
13386,NOTICE RIA EUROPEEN FIXE,,Oui,,-1.0,3.0,,2.0,0.18,,2.0,,13386,CAE
13387,NOTICE RIA EUROPEEN FIXE,,Oui,,800.0,,,,0.18,144.0,,,13387,CAE
13390,ROB AUTOKADOR LEGENDE 750 ALU,,Oui,,,,,,,,,25.0,13390,USI
13400,COUVERCLE ARRIERE ROB LEGENDE,,Oui,,,,,,,,,25.0,13400,MON
13489,SURFLASQUE RIA POK,,Oui,,1517.0,149.0,3.0,50.0,2.526,3831.942,3.0,3.0,13489,CAE
13737,REDRESSEUR JET OSCILLATEUR 2,,Oui,,,,,,2.5403,,,25.0,13737,MON
13878,COUVERCLE ARRIERE POUR ECROU,,Oui,,,,,,,,,25.0,13878,USI
14000,RESSORT PURGE AUTOKADOR 750,,Oui,,,,,,,,,25.0,14000,MON
14335,RESSORT PURGE AUTOKADOR 750,,Oui,,,,,,,,,25.0,14335,MON
14554,DEMI-CROCHET FIXE ARRIERE,,Oui,,,,,,3.82,,,25.0,14554,USI
14556,DEMI MANCHON AVANT SUPPORT,,Oui,,,,,,4.1,,,25.0,14556,USI
14558,DEMI MANCHON ARRIERE SUPPORT,,Oui,,,,,,8.04,,,25.0,14558,USI
14560,BOITE A EAU,,Oui,,,18.0,4.0,2.0,18.9411,,10.0,4.0,14560,RIA
14609,GUIDE TUY  RIA FIXE 33,,Oui,,460.0,,,,4.022,1850.12,,25.0,14609,RIA
14844,COL CYGNE M35X1.5 HORIZON INOX,,Oui,,24.0,18.0,4.0,2.0,16.0,384.0,10.0,4.0,14844,RIA
14942,"ECROU TOURN FF1""1/2 TUBE ALIM",,Oui,,1.0,,,,7.3,7.3,,13.0,14942,RIA
14994,CORPS TETE ROB VDF 40 LAITON,CB201,Oui,,-1.0,6596.0,,600.0,4.83,,11.0,,14994,FOB
15107,UNITE TRACTABLE DE MOUSSE,,Oui,,,,2.0,,3244.2714,,2.0,2.0,15107,614
16000,LANCE MOUSSE,,Oui,,,16.0,2.0,3.0,57.96,,6.0,2.0,16000,CAE
16143,"VANNE 1/4T FF-FF 1"" MARQUAGE",,Oui,,93.0,114.0,12.0,10.0,7.11,661.23,1.0,12.0,16143,CAE
16144,"VANNE FF  /  FF 1"" 1/4",,Oui,,514.0,,,,5.91,3037.74,,25.0,16144,CAE
16168,BILLE 4 BZE,,Oui,,20064.0,,,,0.0104,208.6656,,12.0,16168,MON
16204,BILLES 6.35 GRADE 500 INOX 304,,Oui,,382558.0,214852.0,1.0,19532.0,0.0088,3366.5104,11.0,1.0,16204,CAE
16205,TUY SM 19-20M NU NOIR,,Oui,,217.0,,,,17.8,3862.6,,25.0,16205,CAE
16207,JOINT BOUCHON RIA DN25 DIAM34,,Oui,,109.0,465.0,7.0,47.0,0.19,20.71,1.0,7.0,16207,CAE
16275,TUBE SORTIE LANCE GENERATRICE,,Oui,,,,,,,,,25.0,16275,USI
16288,JOINT PLAT RIA 42X28X3,,Oui,,1648.0,,,,0.215,354.32,,14.0,16288,CAE
16463,"VANNE 1/4T FM-FM 1""1/2 LAITON",,Oui,,88.0,70.0,2.0,7.0,13.22,1163.36,7.0,2.0,16463,CAE
16659,TUYAU ASPI REFT DN25 ARMATURE,,Oui,,,22.0,1.0,2.0,3.325,,11.0,1.0,16659,007
16770,ESTAMPILLE NF RIA,,Oui,,2228.9952,7782.0022,1.0,779.0,0.11,245.19,3.0,1.0,16770,RIA
16771,DROIT USAGE MARQUE NF,,Non,,2174.0,7837.0,1.0,784.0,0.21,456.54,3.0,1.0,16771,MON
16785,JOINT PLAT 30X8X4 NITRILE,,Oui,,,,4.0,,0.09,,4.0,4.0,16785,261
17364,DISTRIBUTEUR VENTILATEUR DN500,,Oui,,,,,,,,,25.0,17364,USI
17836,"DIFF FM1""1/2 BSP CHINAJET 12",,Oui,,,,,,,,,25.0,17836,USI
17847,"TUBE EXTERIEUR BAS 3"" NPT",,Oui,,,,,,,,,25.0,17847,612
17881,SUPP MUR RIA TP 33 ASSEMBLE,,Oui,,2031.0,-518.0,9.0,-51.0,6.24,12673.44,10.0,9.0,17881,CAE
18149,TUBE ALIMENTATION RIA TP DN33,,Oui,,1061.0,,,,13.05,13846.05,,25.0,18149,RIA
18359.SG,LANCE DEBOLITE DN40,,Oui,,,,,,,,,,18359.SG,611
18417,COUSSINET RIA INOX TP 25-33 BZ,,Oui,,68.0,,,,6.5,442.0,,25.0,18417,CAE
18420,TUBE ALIM RIA TP DN25-33 INOX,,Oui,,13.0,,,,27.48,357.24,,,18420,RIA
18423,BAGUE FEM RAC TOURN RIA 33 TP,,Oui,,50.0,,,,23.48,1174.0,,25.0,18423,USI
18424,BAGUE MALE RAC TOURN RIA 33 TP,,Oui,,58.0,,,,10.55,611.9,,25.0,18424,USI
18432,TUB ALIM RIA DN 33 TP INOX,,Oui,,10.0,13.0,11.0,2.0,35.04,350.4,11.0,11.0,18432,RIA
18435,COUSSINET COTE BOUCH RIA TP,,Oui,,81.0,,,,4.0,324.0,,25.0,18435,CAE
18454,COL CYGNE-RIA TP DN25 INOX,,Oui,,6.0,,,,5.6,33.6,,25.0,18454,RIA
18455,"BAG FM M35X1.50-FF3/4"" RIA 25",,Oui,,19.0,,,,1.61,30.59,,25.0,18455,CAE
18695,COUSSINET COTE SUPPORT RIA 25,,Oui,,726.0,,,,3.12,2265.12,,25.0,18695,RIA
19096,RONDELLE DE PROTECTION,,Oui,,3429.0,-518.0,8.0,-64.0,0.63,2160.27,8.0,8.0,19096,CAE
19233,BUTEE POIGNEE ROB LANCE,,Oui,,,,,,,,,25.0,19233,USI
21257,GATE VALVE DN100 BZE,,Oui,,,,,,,,,25.0,21257,USI
21261,CLAPET GATE VALVE DN100 BZE,,Oui,,,,,,,,,25.0,21261,USI
21262,CORPS TRANSMISSION GATE VALVE,,Oui,,,,,,,,,25.0,21262,FOB
21267,"BRIDE 4"" ASA 150 GATE VALVE DN",,Oui,,,,,,,,,25.0,21267,USI
21484,PROFILE VIROLE PERCAGE DOUBLE,,Oui,,-0.003999999999991,21.4,3.0,4.0,4.7614,,7.0,3.0,21484,MAT
21589,"BOUCHON FF4.5""NST BZE",,Oui,,,,,,,,,25.0,21589,USI
21591,"VIS PURGE BOUCHON FF4.5""NST",,Oui,,,,,,,,,25.0,21591,USI
21592,"ECROU PURGE BOUCHON FF4.5""NST",,Oui,,,,,,,,,25.0,21592,USI
21658,CREMAILLERE DEVIDOIR MOBILE,,Oui,,,,,,,,,,21658,RIA
21727,VOLANT MANOEUVRE D165 AXE D16,,Oui,,,,,,14.2339,,,25.0,21727,USI
21926,TUB ALIM RIA DN 25 TP INOX,,Oui,,12.0,,,,50.0,600.0,,16.0,21926,USI
21934,CORPS ROB VOLANT DN25 RIA,,Oui,,,,4.0,,5.97,,4.0,4.0,21934,USI
21937,BOITE EAU DN25 RIA TP 25 INOX,,Oui,,51.0,,,,10.1,515.1,,25.0,21937,RIA
21938,RONDEL PROTEC 44.5X34X2 RIA 25,,Oui,,228.0,,,,1.9,433.2,,25.0,21938,CAE
21939,PALIER RIA TP 25 LAITON,,Oui,,15.0,,,,6.52,97.8,,25.0,21939,CAE
21941,PALIER BOBINE RIA 25 BZE,,Oui,,,,4.0,,2.88,,4.0,4.0,21941,CAE
22368,"EMBOUT SORTIE FM2.5""NST ROB",,Oui,,,,,,8.37,,,25.0,22368,USI
22563,BOITE EAU RIA 25 ALU,,Oui,,46.0,,,,10.0631,462.9026,,25.0,22563,CAE
22705,TIGE CLAPET DEBIKADOR 1000 INO,,Oui,,,,,,3.42,,,25.0,22705,USI
22722,MANCHON GRAVE DOUBLE POIGNEE,,Oui,,,,,,6.99,,,25.0,22722,USI
22898,RONDELLE PROTECTION RIA,,Oui,,21397.0,9021.0,8.0,752.0,0.109,2332.273,12.0,8.0,22898,CAE
22899,RACCORD TOURNANT RIA DN25,,Oui,,315.0,,,,3.9822,1254.393,,,22899,USI
22918,SUPPORT MURAL DEV DN25 33 PA,,Oui,,7442.0,4663.0,2.0,667.0,7.36,54773.12,5.0,2.0,22918,CAE
22925,GUIDE TUYAU RIA DN25 ACIER GAL,,Oui,,1232.0,,,,,,,25.0,22925,CAE
22927,GUIDE TUYAU RIA DN33 ACIER GAL,,Oui,,5055.0,536.0,,179.0,0.99,5004.45,3.0,,22927,CAE
22945,TUB ALIM ASS RIA 25 ACIER,,Oui,,,8490.0,,772.0,12.945,,11.0,,22945,MON
22947,PALIER DE BOBINE RIA DN25-33,,Oui,,9390.0,3187.0,5.0,532.0,0.3138,2946.582,6.0,5.0,22947,CAE
22949,BOITE EAU DN25,,Oui,,,2848.0,,259.0,3.88,,11.0,,22949,CAE
22950,BOITE A EAU DN33,,Oui,,,5690.0,,518.0,3.87,,11.0,,22950,CAE
22951,FLASQUE DN535 RIA DN25,,Oui,,5942.0,5286.0,2.0,529.0,9.41,55914.22,10.0,2.0,22951,CAE
22951.VERT,"FLASQUE RIA DN25, COULEUR VERT",,Oui,,2.0,,,,24.41,48.82,,23.0,22951.VERT,CAE
22960,CORPS DIFF DN25 TUY RIA 25 ALL,CB902,Oui,,,171.0,,43.0,2.78,,4.0,,22960,MON
23138,"ECRAN TACTILE PANEL 10""",,Oui,,,,,,1550.0,,,25.0,23138,MOT
23148,CORPS DIFF RIA DN33 POM,AB502,Oui,,9119.0,7263.0,11.0,661.0,0.97,8845.43,11.0,11.0,23148,CAE
23149,BAGUE TETE DIFF DN33 POK,OB904,Oui,,3769.0,618.0,3.0,206.0,0.6899,2600.2331,3.0,3.0,23149,CAE
23149.ECH,Echantillon de la ref 23149,,Oui,,,,,,,,,,23149.ECH,FOP
23150,GAINE DE TETE RIA 33 PUR NOIR,AB602,Oui,,5305.0,709.0,1.0,355.0,0.6911,3666.2855,1.0,1.0,23150,CAE
23538,DCØ33.5/FM M36X2 ALU,,Oui,,-1.0,6039.0,,549.0,1.13,,,,23538,CAE
23540,DCØ25/FM M24X2 ALU,,Oui,,-19.0,3257.0,,297.0,0.79,,,,23540,CAE
23693,ENTRETOISE RIA DN25+DN33,,Oui,,14982.0,1764.0,11.0,161.0,2.94,44047.08,11.0,11.0,23693,CAE
23693.ROUGE,ENTRETOISE RIA DN25+DN33 ROUGE,,Oui,,,,,,4.82,,,25.0,23693.ROUGE,CAE
23716,SURFLASQUE RIA DESAUTEL,,Oui,,-19.0,1351.0,,451.0,1.26,,1.0,,23716,CAE
24003,POIGNEE REVOLVER SCORPE VERT,,Oui,,,,,,,,,25.0,24003,FOP
24269,ATTACHE TUYAU RIA DN33,,Oui,,2435.0,2403.0,7.0,344.0,0.29,706.15,,7.0,24269,CAE
24270,ATTACHE TUYAU RIA DN25,,Oui,,6814.0,1358.0,7.0,194.0,0.19,1294.66,,7.0,24270,CAE
24271,ATTACHE TUYAU RIA DN19,,Oui,,-5.0,81.0,,27.0,0.17,,3.0,,24271,CAE
24691,PROFILE PROTECT TUY CAOUT,,Oui,,13267.0,,,,0.155,2056.385,,25.0,24691,CAE
24850,"RACC ENTREE FM1""1/2 RIA EDF BZ",,Oui,,1333.0,,,,5.95,7931.35,,14.0,24850,CAE
24853,COL CYGNE FM1 RIA EDF ALU,,Oui,,519.0,-519.0,5.0,-103.0,5.7,2958.3,5.0,5.0,24853,RIA
24854,"BAGUE FM1"" 1/2 ET FF1"" 1/2",,Oui,,1323.0,,,,1.0,1323.0,,14.0,24854,CAE
24858,DC33.5 RACC TOUR MANCHETTE A S,,Oui,,1452.0,,,,8.3,12051.6,,12.0,24858,CAE
24905,GAINE DE TETE DIFFUSEUR RIA 25,AB501,Oui,,1802.0,,,,0.24,432.48,,21.0,24905,CAE
25008,BAGUE TETE DIFF DN25 DESAUTEL,AB801,Oui,,407.0,,,,0.47,191.29,,19.0,25008,CAE
25009,BAGUE TETE DIFF DN33 DESAUTEL,OB902,Oui,,,,,,0.93,,,23.0,25009,CAE
25009.N,BAGUE TETE DIFF DN33 DESAUTEL,OB802,Oui,,-1834.0,796.0,2.0,266.0,0.6731,,1.0,2.0,25009.N,CAE
25009.N.ECH,Echantillon ref 25009.N,,Oui,,,,,,,,,,25009.N.ECH,FOP
25081,CARTON RIA DN25 350X550X737,,Oui,,3124.0,724.0,1.0,181.0,1.66,5185.84,4.0,1.0,25081,ACH
25082,CARTON RIA DN33 655X350X757,,Oui,,3335.0,1523.0,3.0,381.0,1.92,6403.2,1.0,3.0,25082,ACH
25083,CALAGE DE VANNE ET SUPPORT RIA,,Oui,,-2865.0,2179.0,,545.0,0.495,,3.0,,25083,ACH
25084,DOUBLE FOND CARTON RIA,,Oui,,3958.0,8643.0,3.0,786.0,0.44,1741.52,1.0,3.0,25084,ACH
25141,ETIQUETTE TRACABILITE DN25/20,,Oui,,3393.0,,,,0.09,305.37,,25.0,25141,CAE
25142,ETIQUETTE TRAC RIA DN25 30M,,Oui,,,86.0,,86.0,0.059,,1.0,,25142,CAE
25143,ETIQUETTE TRAC RIA DN33 20M,,Oui,,4366.0,,,,0.09,392.94,,25.0,25143,CAE
25144,ETIQUETTE TRAC RIA DN33 30M,,Oui,,1038.0,,,,0.118,122.484,,25.0,25144,CAE
25211.ZIB,PALIER RIA 19 ZN,,Oui,,,,,,0.4,,,13.0,25211.ZIB,RIA
25211OU.CP,OUTILLAGE CIRE PERDUE PALIER,,Oui,,,,,,133.418,,,,25211OU.CP,AOU
25212,PALIER RIA DN19 ACIER ZINGUE,,Oui,,-161.0,,,,1.1086,,,25.0,25212,CAE
25212.ECH,PALIER RIA DN19 ACIER ZINGUE,,Oui,,,,,,,,,,25212.ECH,CAE
25213,RAC TOURN RIA DN19 LAITON,,Oui,,196.0,,,,6.41,1256.36,,25.0,25213,RIA
25214,TUBE ALIM SOUDE RIA TP 19,,Oui,,46.0,219.0,11.0,20.0,12.5,575.0,11.0,11.0,25214,CAE
25258,BOITE EAU RIA TP 19 ALU,,Oui,,-5.0,128.0,,32.0,9.2,,4.0,,25258,RIA
25258.11318,BOITE + COL DE CYGNE RIA DN19,,Oui,,,,,,,,,,,
25271,DIFF DN19 FF M24X2 ALU,,Oui,,1190.0,,,,7.0,8330.0,,14.0,25271,RIA
25277.06111,DOUILLE CRANTEE DN19 + JOINT,,Oui,,,,,,,,,,,
25281,CORPS ROB DN33 LAITON MATRICE,,Oui,,,,,,18.1,,,25.0,25281,USI
25931,ECROU BORGNE A EMBASE M8,,Oui,,-5277.0,7517.0,10.0,752.0,0.0736,,10.0,10.0,25931,CAE
25938,SUPPORT SOUDE RIA TP 25 30 M,,Oui,,5.0,,,,23.5,117.5,,25.0,25938,RIA
25941,SUPPORT PALIER RIA TP DN25 40M,,Oui,,13.0,,4.0,,31.76,412.88,4.0,4.0,25941,RIA
26208,"VANNE 1/4T FM1"" RIA DN25",CB201,Oui,,1724.0,3251.0,1.0,296.0,6.95,11981.8,3.0,1.0,26208,CAE
26270,CARTON 600X400X400,,Non,,-12.0,,,,1.55,,,,26270,ACH
26413,CANNE ASPI ULTRA LIGHT,,Oui,,,,6.0,,12.9295,,6.0,6.0,26413,MON
26480,TUYAU RIA NU DN19-30m NOIR,,Oui,,228.0,268.0,8.0,25.0,19.8,4514.4,1.0,8.0,26480,CAE
26482,TUYAU RIA NU DN25-20m NOIR,,Oui,,207.5,263.5,11.0,24.0,15.6,3237.0,4.0,11.0,26482,CAE
26483,TUYAU RIA NU DN25-30m NOIR,,Oui,,3547.9967,2844.0,,259.0,23.4,83023.2,1.0,,26483,CAE
26485,TUYAU RIA NU DN33-20m NOIR,,Oui,,355.125,265.875,8.0,25.0,1.14,404.8482,,8.0,26485,CAE
26486,TUYAU RIA NU DN33-30m NOIR,,Oui,700.0,43031.0,8648.0,,787.0,34.2,1471660.2,2.0,,26486,CAE
26696,TUYAU HUTCHINSON 2TE DN32,,Oui,,528.0,,,,11.2,5913.6,,12.0,26696,RIA
26778,VANNE 1/4T FM3/4 RIA DN19,,Oui,,86.0,144.0,3.0,29.0,5.06,435.16,5.0,3.0,26778,CAE
26801,JOINT TOR. 33.5X4 NBR 70SH,,Oui,,16453.0,4194.0,1.0,600.0,0.055,904.915,1.0,1.0,26801,CAE
27011,ETIQUETTE RIA DN19 20M AUTO,,Oui,,467.0,,,,0.09,42.03,,25.0,27011,CAE
27012,ETIQUETTE TRAC RIA DN19/30M,,Oui,,521.0,,,,0.387,201.627,,25.0,27012,CAE
27047,CORPS ROB DN33 RIA TP LAITON,CB401,Oui,,-1.0,6595.0,,600.0,6.67,,11.0,,27047,RIA
27069,"ECROU TOURN FF1""1/4 BSP RIA",CB301,Oui,,1949.0,,,,3.1108,6062.9492,,14.0,27069,CAE
27095,"RACC TOURNANT FF1""BSP RIA TP",CB203,Oui,,,3200.0,,291.0,4.77,,11.0,,27095,CAE
27107,CORPS DIFF 100L A 3BAR POM,,Oui,,114.0,,,,1.88,214.32,,,27107,FOP
28397,ETI CARTON POK DN19/20M,,Oui,,740.0,,,,0.0769,56.906,,25.0,28397,RIA
28398,ETI CARTON POK RIA DN19/30,,Oui,,557.0,,,,0.0769,42.8333,,25.0,28398,RIA
28399,ETI CARTON DESAUTEL DN19/20M,,Oui,,448.0,,,,0.0769,34.4512,,25.0,28399,RIA
28400,ETI CARTON DESAUTEL DN19/30,,Oui,,141.0,,,,0.08,11.28,,25.0,28400,RIA
28529,PROFILE VIROLE DIAM 280 DEV V.,,Oui,,,17.1,6.0,2.0,4.5087,,11.0,6.0,28529,MAT
28541,FLASQUE DN480 DEVIDOIR VEH.INO,,Oui,,,20.0,3.0,3.0,24.7247,,7.0,3.0,28541,RIA
28542,FLASQUE DN610 DEVIDOIR VEH.INO,,Oui,,,18.0,6.0,2.0,49.21,,11.0,6.0,28542,CAE
28543,"BAGUE FF4"" -FF5"" ALU",,Oui,,,,,,,,,,28543,USI
29945,POTEAU RIA 2011 ACIER,,Oui,,,,,,17.0,,,,29945,RIA
29946,RENFORT POTEAU RIA 2011 ACIER,,Oui,,,,,,0.64,,,,29946,RIA
29956,POTEAU RIA 2011 ECO,,Oui,,,12.0,4.0,2.0,58.6,,5.0,4.0,29956,007
29957,SEMELLE POTEAU RIA 2011 ECO,,Oui,,,,,,11.0,,,,29957,RIA
30083,PLAQUE A SOUDER RIA EDF,,Oui,,48.0,,,,9.71,466.08,,25.0,30083,CAE
30126,SUPPORT LANCE RIA EDF,,Oui,,784.0,,,,2.165,1697.36,,25.0,30126,CAE
30484,COUDE RIA DN33 GRIVORY,,Oui,,,,,,2.46,,,25.0,30484,FOP
30485,COUDE RIA DN25 GRIVORY,,Oui,,,,,,2.28,,,25.0,30485,FOP
30520,CORPS DIFF RIA DN 33 ALU,,Oui,,,51.0,1.0,17.0,14.8905,,1.0,1.0,30520,RIA
34293,TAMBOUR RIA DN25 ET DN33,,Oui,,3628.0,1039.0,2.0,260.0,10.92,39617.76,3.0,2.0,34293,CAE
34321,RONDELLE DE RETENUE BOITE A EA,,Oui,,2512.0,635.0,3.0,212.0,0.64,1607.68,3.0,3.0,34321,CAE
34588,"CORP DIF DN25, FM1"" BSP ALU",,Oui,,201.0,,,,8.83,1774.83,,25.0,34588,RIA
34624,BROSSE A TABLEAUX N°14,,Oui,,,,,,0.8,,,18.0,34624,ZZZ
34868.07350,RIA DN25/30 + DMB20/8-8 ALU,,Oui,,,,,,126.313,,,,34868.07350,RIA
34876.18359.SG,RIA DN33/30 + DEBOLITE DN40,,Oui,,,,,,,,,,34876.18359.SG,CAE
34876D.VERT,RIA DN33/30 DESAUTEL VERT,,Oui,,,,,,117.7666,,,,34876D.VERT,CFA
35935,"BAGUE TRANS FM36X2 / FF 1.5""NH",,Oui,,25.0,,,,,,,25.0,35935,CAE
36006,NOTICE UTILISATION RIA DN25/33,,Oui,,6342.0,3402.0,10.0,341.0,0.0372,235.9224,10.0,10.0,36006,CAE
36007,NOTICE UTILISATION RIA DN19,,Oui,,1049.0,105.0,10.0,11.0,0.1067,111.9283,10.0,10.0,36007,CAE
36008,NOTICE UTILISATION RIA DN25,,Oui,,7355.0,3445.0,10.0,345.0,0.0367,269.9285,10.0,10.0,36008,CAE
36009,NOTICE UTILISATION RIA DN19,,Oui,,1607.0,,,,0.0948,152.3436,,25.0,36009,CAE
36093,POMPE A GRAISSE,,Oui,,1.0,,5.0,,14.5,14.5,5.0,5.0,36093,AFO
36392,GENERATEUR QUASAR 400,,Oui,,,,,,8375.0,,,19.0,36392,DIV
36397,PLATINE POUR MOTEUR,,Oui,,,,,,459.0,,,17.0,36397,ZZZ
36432,EMBOUT NYLON FACOM 212.E50,,Oui,,,,,,11.3,,,18.0,36432,MON
36433,High Energy LR06 x 4 Blister C,,Oui,,,,,,3.87,,,18.0,36433,MON
36434,Alcaline LR03 Blister 4 Maxi T,,Oui,,,,,,5.16,,,18.0,36434,MON
36436,ONYX MARKER 1481,,Oui,,,,,,30.19,,,19.0,36436,DIV
36437,TRODAT PRINTY 4280,,Oui,,,,,,12.2,,,19.0,36437,DIV
36438,BLISTER 3 FEUTRES TRODAT 5440,,Oui,,,,,,7.24,,,19.0,36438,DIV
36439,BLISTER 3 FEUTRES TRODAT 4820,,Oui,,,,,,6.2,,,19.0,36439,DIV
36520,PINCE CIRCLIP,,Oui,,4.0,,6.0,,14.56,58.24,6.0,6.0,36520,AFO
36994,ECROU HEXAGONAL BRIDE M8 ZINGU,,Oui,,41331.0,78714.0,10.0,7872.0,0.0158,653.0298,1.0,10.0,36994,CAE
37268,ETIQUETTE RIA DN33 20M DIFF AL,,Oui,,500.0,,,,0.09,45.0,,,37268,RIA
37269,ETIQUETTE RIA DN33 30M DIFF AL,,Oui,,500.0,,,,0.09,45.0,,,37269,RIA
37270,ETIQUETTE RIA DN19 20M DESAUTE,,Oui,,471.0,,,,0.387,182.277,,25.0,37270,CAE
37271,ETIQUETTE RIA DN19 30M DESAUTE,,Oui,,437.0,,,,0.387,169.119,,25.0,37271,CAE
37273,ETIQUETTE RIA DN25 30M DESAUTE,,Oui,,,,1.0,,0.059,,1.0,1.0,37273,CAE
37274,ETIQUETTE RIA DN33 20M DESAUTE,,Oui,,,6.0,1.0,6.0,0.09,,1.0,1.0,37274,CAE
37275,ETIQUETTE RIA DN33 30M DESAUTE,,Oui,,393.0,,1.0,,0.118,46.374,1.0,1.0,37275,CAE
37277,ETIQUETTE RIA DN33 30M DESAUTE,,Oui,,93.0,,,,0.09,8.37,,,37277,CAE
39865,ETIQUETTE DE TRACABILITE 33/20,,Oui,,944.0007,3.0,4.0,1.0,0.617,582.448,4.0,4.0,39865,CAE
39866,ETIQUETTE DE TRACABILITE 33/30,,Oui,,2742.0,-83.0,4.0,-20.0,0.066,180.972,4.0,4.0,39866,CAE
39867,ETIQUETTE TRACABILITE 33/20 AL,,Oui,,500.0,,,,0.617,308.5,,25.0,39867,CAE
39868,ETIQUETTE TRACABILITE 33/30 AL,,Oui,,500.0,,,,0.617,308.5,,25.0,39868,CAE
39869,ETIQUETTE TRACABILITE 25/20,,Oui,,853.0,,,,0.33,281.49,,25.0,39869,CAE
39870,ETIQUETTE TRACABILITE 25/30,,Oui,,5121.0,-43.0,4.0,-10.0,0.089,455.769,4.0,4.0,39870,CAE
39871,ETIQUETTE TRACABILITE 33/20 DE,,Oui,,634.0,,4.0,,0.617,391.178,4.0,4.0,39871,CAE
39872,ETIQUETTE TRACABILITE 33/30 DE,,Oui,,10607.0,2020.0,4.0,184.0,0.089,944.023,11.0,4.0,39872,CAE
39873,ETIQUETTE TRAC. 33/20 ALU DESA,,Oui,,500.0,,,,0.617,308.5,,25.0,39873,CAE
39874,ETIQUETTE TRAC. 33/30 ALU DESA,,Oui,,521.0,24.0,4.0,6.0,0.617,321.457,4.0,4.0,39874,CAE
39875,ETIQUETTE TRAC. 25/20 DESAUTEL,,Oui,,940.0,34.0,4.0,9.0,0.33,310.2,4.0,4.0,39875,CAE
39876,ETIQUETTE TRAC. 25/30 DESAUTEL,,Oui,,2256.0,392.0,4.0,79.0,0.107,241.392,5.0,4.0,39876,CAE
40875,SURFLASQUE PICTOGRAMME EDF,,Oui,,2020.0,-524.0,11.0,-47.0,2.966,5991.32,11.0,11.0,40875,CAE
41440,ETI. TRA. RIA FIXE 25/20 DESAU,,Oui,,499.0,1.0,7.0,1.0,0.4678,233.4322,7.0,7.0,41440,CAE
41441,ETI. TRA. RIA FIXE 25/30 DESAU,,Oui,,1986.0,14.0,7.0,2.0,0.4678,929.0508,7.0,7.0,41441,CAE
41442,ETIQUETTE DESAUT CTN RIA 25-20,,Oui,,249.0,1.0,4.0,1.0,0.124,30.876,4.0,4.0,41442,CAE
41443,ETIQUETTE DESAUT CTN RIA 25-30,,Oui,,986.0,14.0,4.0,4.0,0.124,122.264,4.0,4.0,41443,CAE
41463,ETIQUETTE DE TRACABILITE 25-20,,Oui,,100.0,,4.0,,0.124,12.4,4.0,4.0,41463,CAE
41464,ETIQUETTE DE TRACABILITE 25-30,,Oui,,250.0,,4.0,,0.124,31.0,4.0,4.0,41464,CAE
41465,ETIQUETTE POK CARTON RIA 25-20,,Oui,,100.0,,4.0,,0.124,12.4,4.0,4.0,41465,CAE
41466,ETIQUETTE POK CARTON RIA 25-30,,Oui,,250.0,,4.0,,0.124,31.0,4.0,4.0,41466,CAE
41706,PROP. PIA 2017,,Oui,,,60.0,,6.0,115.52,,2.0,,41706,RIA
41709,LANCE MOUSSE MF,,Oui,,,4.0,2.0,1.0,98.1691,,11.0,2.0,41709,614
41712,LANCE PIA 2017,,Oui,,,55.0,,5.0,56.21,,11.0,,41712,RIA
41885.PICT,AUTOCOLLANT PIA DESAUTEL,,Oui,,188.0,6.0,1.0,6.0,2.9468,553.9984,1.0,1.0,41885.PICT,RIA
41902,VANNE D'ARRET PIA,,Oui,,,59.0,,6.0,45.83,,11.0,,41902,RIA
41969,ETIQUETTE POK RIA DN25 20M VER,,Oui,,353.998,,,,0.0586,20.7444,,25.0,41969,CAE
41970,ETIQUETTE RIA DN 25 30M JAU,,Oui,,4151.0,,,,0.0584,242.4184,,25.0,41970,CAE
41971,ETIQUETTE RIA DN33 20M ROSE,,Oui,,451.9993,,,,0.0586,26.4872,,25.0,41971,CAE
41972,ETIQUETTE RIA DN 33 30M BLANC,,Oui,,12747.0,,,,0.0586,746.9742,,20.0,41972,CAE
41973,ETIQUETTE RIA DN 33 20M ROUGE,,Oui,,250.0,,,,0.0586,14.65,,25.0,41973,CAE
41974,ETIQUETTE RIA DN33 30M - GRIS,,Oui,,249.0,,,,0.0586,14.5914,,25.0,41974,CAE
42022.PICT,AUTOCOLLANT PIA POK,,Oui,,,8.0,1.0,4.0,3.5,,2.0,1.0,42022.PICT,RIA
42261,ETI. TRA. PIA POK 33/20 BF,,Oui,,200.0,,,,0.407,81.4,,19.0,42261,RIA
42262,ETI. TRA. PIA POK 33/20 MF,,Oui,,200.0,,,,0.407,81.4,,19.0,42262,RIA
42263,ETI. TRA. PIA POK 33/30 BF,,Oui,,174.0878,,,,0.407,70.85463,,19.0,42263,CAE
42264,ETI. TRA. PIA POK 33/20 MF,,Oui,,200.0,,,,0.407,81.4,,19.0,42264,CAE
42822,ETI. TRA. PIA DESAUT 33/20 BF,,Oui,,199.9135,,,,0.407,81.36337,,19.0,42822,CAE
42823,ETI. TRA. PIA DESAUT 33/20 MF,,Oui,,199.9167,,,,0.407,81.36744,,19.0,42823,CAE
42824,ETI. TRA. PIA DESAUT 33/30 BF,,Oui,,147.2566,,,,0.407,59.93482,,19.0,42824,CAE
42825,ETI. TRA. PIA DESAUT 33/30 MF,,Oui,,197.6702,,,,0.407,80.45169,,19.0,42825,CAE
42843,ETI. CART PIA POK 33/20 BF 1/2,,Oui,,200.0,,,,0.15,30.0,,20.0,42843,CAE
42844,ETI. CART PIA POK 33/20 BF 2/2,,Oui,,200.0,,,,0.15,30.0,,20.0,42844,CAE
42845,ETI. CART PIA POK 33/20 MF 1/2,,Oui,,200.0,,,,0.1279,25.58,,18.0,42845,CAE
42846,ETI. CART PIA POK 33/20 MF 2/2,,Oui,,200.0,,,,0.1279,25.58,,18.0,42846,CAE
42847,ETI. CART PIA POK 33/30 BF 1/2,,Oui,,164.0,,,,0.1279,20.9756,,18.0,42847,CAE
42848,ETI. CART PIA POK 33/30 BF 2/2,,Oui,,164.0,,,,0.1279,20.9756,,18.0,42848,CAE
42849,ETI. CART PIA POK 33/30 MF 1/2,,Oui,,200.0,,,,0.15,30.0,,20.0,42849,CAE
42850,ETI. CART PIA POK 33/30 MF 2/2,,Oui,,200.0,,,,0.15,30.0,,20.0,42850,CAE
42851,ETI. CART PIA DES 33/20 BF 1/2,,Oui,,199.0,,,,0.15,29.85,,20.0,42851,CAE
42852,ETI. CART PIA DES 33/20 BF 2/2,,Oui,,199.0,,,,0.15,29.85,,20.0,42852,CAE
42853,ETI. CART PIA DES 33/20 MF 1/2,,Oui,,199.0,,,,0.1279,25.4521,,18.0,42853,CAE
42854,ETI. CART PIA DES 33/20 MF 2/2,,Oui,,199.0,,,,0.1279,25.4521,,18.0,42854,CAE
42855,ETI. CART PIA DES 33/30 BF 1/2,,Oui,,84.0,,,,0.1279,10.7436,,18.0,42855,CAE
42856,ETI. CART PIA DES 33/30 BF 2/2,,Oui,,84.0,,,,0.1279,10.7436,,18.0,42856,CAE
42857,ETI. CART PIA DES 33/30 MF 1/2,,Oui,,194.0,,,,0.15,29.1,,20.0,42857,CAE
42858,ETI. CART PIA DES 33/30 MF 2/2,,Oui,,194.0,,,,0.15,29.1,,20.0,42858,CAE
42881,CORPS ROBINET RIA,,Oui,,,,,,6.3079,,,,42881,CFA
42882,MATRICAGE CORPS DE ROBINET,,Oui,,,,,,6.3079,,,,42882,CFA
99101.FR,CATALOGUE POK PRODUIT 2017,,Oui,,,,,,,,,23.0,99101.FR,ACH
99301.FREN,FLYER POK INDUSTRIE FR EN,,Oui,,,,,,,,,23.0,99301.FREN,ACH
99302.FREN,FLYER POK IND PETROLIERE FR EN,,Oui,,,,,,,,,23.0,99302.FREN,ACH
99304.FREN,FLYER POK DIV COL CLAPET FR EN,,Oui,,,,,,,,,23.0,99304.FREN,ACH
99305.FREN,FLYER POK LANCE A MAIN FR EN,,Oui,,,,,,,,,23.0,99305.FREN,ACH
99307.FREN,FLYER POK EQU MOUSSE FR EN,,Oui,,,,,,,,,23.0,99307.FREN,ACH
99308.FREN,FLYER POK MONITOR RC FR EN,,Oui,,,,,,,,,23.0,99308.FREN,ACH
99309.FREN,FLYER POK MONITOR MAN FR EN,,Oui,,,,,,,,,23.0,99309.FREN,ACH
99312.FREN,FLYER POK CHASSIS TRACT FR EN,,Oui,,,,,,,,,23.0,99312.FREN,ACH
99315.FREN,FLYER POK BATIMENT FR EN,,Oui,,,,,,,,,23.0,99315.FREN,ACH
99316.FREN,FLYER POK MINE FR EN,,Oui,,,,,,,,,23.0,99316.FREN,ACH
ALAA60RC00003428,ROND Ø34*Ø28MM ALU 6060F13,,Oui,,,,,,2.5,,,,ALAA60RC00003428,MAT
ATEL00001,TRANSPAL MAN HAUTE LEVEE,,Oui,,,,,,449.0,,,15.0,ATEL00001,DIV
CIR E 32,CIRCLIPS EXT 32 INOX,,Oui,,,12.0,3.0,2.0,0.5586,,7.0,3.0,CIR E 32,VIS
CIR E 42,CIRCLIPS EXT 42 INOX A2,,Oui,,867.0,-465.0,5.0,-42.0,0.6975,604.7325,11.0,5.0,CIR E 42,VIS
CIR E 42 ACP,CIRCLIPS EXT 42 ACIER PHOSP.,,Oui,,,8829.0,,803.0,0.07,,3.0,,CIR E 42 ACP,CAE
CIR E 50,CIRCLIPS EXT 50 INOX A2,,Oui,,,26.0,3.0,3.0,0.8077,,11.0,3.0,CIR E 50,CAE
CMP,COUT MATIERE PREMIERE,,Non,,-31.145,,,,1.0,,,,CMP,BAR
COLLAGE.OKM,COLLAGE.OKM,,Oui,,,,,,0.25,,,,,
DOC.OUT,Documentation outillage,,Non,,,,,,,,,,,
EBM8ZN,ECROU BORGNE M8 ZINGUE,,Oui,,,,,,0.0318,,,17.0,EBM8ZN,CAE
EHM10,ECROU H M10 INOX A2,,Oui,,,,,,0.05,,,,EHM10,VIS
EHM6,ECROU M6 INOX,,Oui,,,,,,0.0075,,,25.0,EHM6,CAE
EHM6ZN,ECROU H M6 ACIER ZINGUE,,Oui,,2286.0,,,,0.0038,8.6868,,25.0,EHM6ZN,CAE
EHM8,ECROU M8 INOX,,Oui,,,,3.0,,0.0195,,3.0,3.0,EHM8,CAE
EHm6,ECROU BAS M6 INOX A2 DIN439B,,Oui,,1306.0,,,,0.0072,9.4032,,25.0,EHm6,VIS
EHm8,ECROU BAS M8 INOX A2 DIN439B,,Oui,,3595.0,,,,,,,25.0,EHm8,VIS
EPI00002,CHAUSSURES KONTACT,,Oui,,,,,,46.81,,,14.0,EPI00002,DIV
EPI00003,PANTALON DE TRAVAIL TRUELLE,,Oui,,,,,,13.7,,,14.0,EPI00003,DIV
EPI00004,PANTALON DE TRAVAIL MINERAI,,Oui,,,,,,35.5,,,14.0,EPI00004,DIV
EPI00005,VESTE DE TRAVAIL COLZA,,Oui,,,,,,24.85,,,14.0,EPI00005,DIV
FDB00027,DESTRUCTEUR AUTO REXEL 600,OKM,Non,,1.0,,3.0,,910.0,910.0,3.0,3.0,FDB00027,AOU
MONT00008,ASPIRATEUR EAU ET POUSSIERE,,Oui,,,,,,318.0,,,14.0,MONT00008,ZZZ
MONT00009,TIGE FILETEE ZI 10,,Oui,,,,,,0.93,,,16.0,MONT00009,VIS
MONT00021,TABLE ELEVATRICE 500KG,,Oui,,2.0,,6.0,,365.0,730.0,6.0,6.0,MONT00021,AFO
ORIGINE,ORIGINE,,Non,,-4.0,,,,,,,,ORIGINE,ZZZ
RGW10,RONDELLE GROWER W M10 INOX A2,,Oui,,,,,,0.0093,,,25.0,RGW10,VIS
RM10,RONDELLE M10,,Oui,,,284.0,3.0,26.0,0.0347,,11.0,3.0,RM10,VIS
RM8,RONDELLE M8 INOX,,Oui,,,,3.0,,0.01,,3.0,3.0,RM8,CAE
RM8ZN,RONDELLE PLATE M8 ACIER ZN,,Oui,,7484.0,,,,0.0052,38.9168,,25.0,RM8ZN,CAE
VSTHC BP 5X10,VIS STHC POINTEAU 5X10 INOX A2,,Oui,,1040.0,,,,0.0134,13.936,,12.0,VSTHC BP 5X10,CAE
VSTHC BP 5X5,VIS STHC POINTEAU 5X5 INOX A2,,Oui,,8333.0,-302.0,3.0,-37.0,0.009,74.997,1.0,3.0,VSTHC BP 5X5,VIS
VSTHC BT 6X10,VIS STHC BOUT TETON 6X10 INOX,,Oui,,6008.0,2845.0,5.0,356.0,0.0139,83.5112,8.0,5.0,VSTHC BT 6X10,CAE
VSTHC BT 6X12,VIS STHC BOUT TETON 6X12 INOX,,Oui,,13015.0,3710.0,2.0,619.0,0.012,156.18,1.0,2.0,VSTHC BT 6X12,VIS
VSTHC PL 10X10,VIS STHC PLAT 10X10 INOX A2,,Oui,,-1.0,9794.0,,891.0,0.02,,11.0,,VSTHC PL 10X10,CAE
VSTHC PL 6X8,VIS STHC PLAT 6X8 INOX A2,,Oui,,526.0,-526.0,10.0,-52.0,0.012,6.312,10.0,10.0,VSTHC PL 6X8,VIS
VSTHC PL 8X6,VIS STHC PLAT 8X6 INOX A2,,Oui,,,,,,0.0142,,,25.0,VSTHC PL 8X6,VIS
VTBHC 10X16,VIS TBHC 10X16 INOX A2,,Oui,,,,,,0.0925,,,25.0,VTBHC 10X16,VIS
VTBHC 12X16,VIS TBHC 12X16 INOX A2,,Oui,,137.0,,1.0,,0.21,28.77,3.0,1.0,VTBHC 12X16,CAE
VTBHC 12X16ZN,VIS TBHC 12X16 ACIER ZN,,Oui,,,987.0,,124.0,0.0156,,8.0,,VTBHC 12X16ZN,CAE
VTBHC 12X20,VIS TBHC 12X20 INOX A2,,Oui,,76.0,,,,6.31,479.56,,,VTBHC 12X20,VIS
VTBHC 12X30,VIS TBHC 12X30 INOX A2,,Oui,,,,,,0.17,,,25.0,VTBHC 12X30,VIS
VTBHC 8X12,VIS TBHC 8X12 INOX A2,,Oui,,24.0,,1.0,,0.04,0.96,2.0,1.0,VTBHC 8X12,VIS
VTBHC 8X12ZN,VIS TBHC 8X12 ZINGUE BLANC,,Oui,,-57.0,846.0,,77.0,0.0399,,1.0,,VTBHC 8X12ZN,VIS
VTCHC 10X25,VIS TCHC 10X25 INOX A2,,Oui,,,,,,0.0824,,,,VTCHC 10X25,VIS
VTCHC 5X10,VIS CHC 5X10 INOX A2,,Oui,,4433.0,567.0,3.0,63.0,0.0155,68.7115,9.0,3.0,VTCHC 5X10,CAE
VTCHC 5X16,VIS TCHC 5X16 INOX A2,,Oui,,44.0,,,,0.02,0.88,,12.0,VTCHC 5X16,VIS
VTCHC 6X30ZN,VIS TCHC 6X30 ACIER ZINGUE,,Oui,,1965.0,168.0,3.0,16.0,0.0156,30.654,1.0,3.0,VTCHC 6X30ZN,VIS
VTH 10X20,VIS TH 10X20 INOX A2,,Oui,,,,,,0.0936,,,25.0,VTH 10X20,VIS
VTH 10X30,VIS TH 10X30 INOX A2,,Oui,,,284.0,3.0,26.0,0.2004,,11.0,3.0,VTH 10X30,VIS
