Code article,Libellé,Casier,Tenue en stock,Quantités minimum,en stock,consom.,Nbre de mois,Rotation,Prix achat,Valeur,Mois sans ventes,Mois depuis der.Ach.
00001,FRAIS DE PORT,,Non,,-2,,,,13.3333,,,
00003,FRAIS FIXE,,Non,,2,,,,10.35,20.7,,1
00010,PIECE SPECIALE,,Oui,,,,,,56.67,,,22
00010ATELIER,PIECE SPECIALE,,Oui,,,,,,14.4,,,19
00010FOURNITURE,FOURNITURE DE BUREAU,,Oui,,,,,,950,,,19
00011,PRESTATIONS DE SERVICES,,Non,,-623,,,,0.42,,,
00013,TRANSFERT DE CHARGES,,Non,,-3,,,,,,,
00014,TRANSFERT DE CHARGES SANS TVA,,Non,,-1,,,,,,,
00020,REPARATION,,Oui,,,,,,335.35,,,19
00021,Dossier outillage,,Oui,,,,,,,,,
00023,REMISE GLOBALE,,Oui,,2,,1,,1.51,3.02,1,1
00025,REGUL LIVRAISON,,Non,,25,,,,36.61,915.25,,1
000SAV,REPARATION,,Oui,,,,,,,,,
00135,RESSORT TURBOKADOR 1000 INOX,,Oui,,,,,,0.4336,,,
00549,POIGNEE MANOEUVRE SURMOULE,,Oui,,,,,,,,,25
01186,BAGUE A SERTIR INOX DN20/25,,Oui,,,48,1,5,1.0704,,11,1
01187,BAGUE A SERTIR INOX,,Oui,,2098,-2082,3,-260,0.32,671.36,8,3
01190,RAC FM24X200/DN25 RIA BZE UZ39,,Oui,,84,,,,,,,25
01191,RAC FM36X200 DC33 RIA LAITON,,Oui,,8,,,,4.35,34.8,,25
01194,RONDELLE FREINAGE RIA,,Oui,,342,,,,0.27,92.34,,25
01281,CHAPEAU ROB 40 LAITON,,Oui,,,,,,2.45,,,25
01306.36X200,LANCE MOUSSE MF,,Oui,,,,,,90,,,18
01387,NOTICE RIA NU TP DN25 ET 33,,Oui,,10114,,,,0.094,950.716,,21
01507,LANCE PRIMATOR 3000,,Oui,,,,,,255,,,23
01983,"BAGUE FM1.5""NPT -FF1""1/2 BZE",,Oui,,240,,,,13.76,3302.4,,25
02158,RESSORT DEBIKADOR 3000,,Oui,,,,,,,,,25
02185,SIEGE RESSORT DEBIKADOR REGULE,,Oui,,,,,,,,,25
02197,FUT DE LANCE DN40 BRONZE,,Oui,,519,-519,6,-86,15.5767,8084.3073,6,6
02200,FUT LANCE GFR F 20 BZE,,Oui,,,,,,16,,,14
02438,CLE DESCHAMPS 11 FONCT RAC 20,,Oui,,,400,,100,5.42,,,
02784,ROB DMB 40/12-12 ALU,,Oui,,,2,6,1,27.2686,,10,6
02837,ROB DMB 40/12-12 BZE,,Oui,,,2,6,1,37.8505,,7,6
03145,CLE POTEAU,,Oui,,,,,,13.61,,,14
03147,CLE TRICOISE,,Oui,,219,182,6,17,0.93,203.67,,6
03148,CLE TRICOISE ACIER EPOXY ROUGE,,Oui,,,450,,41,1.61,,,
03223,CLAPET ROB DN25 LAITON,,Oui,,,,4,,1.17,,4,4
03229,JONC DIAM 14 INOX,,Oui,,44,,,,0.0215,0.946,,12
03286,HYDRO-EJECTEUR VIDE CAVE AV,,Oui,,,,,,,,,23
03332,VOLANT DN80 CARRE 12 DIN390,CB402,Oui,,-1,6597,,600,0.63,,11,
03352,TIGE ROB DEVIDOIR TOURN,,Oui,,,,4,,1.3423,,4,4
03353,TETE ROB DEVIDOIR TOUR,,Oui,,44,,,,1.95,85.8,,25
03392,RACCORD TOURNANT RIA LAITON,,Oui,,1,,,,5.67,5.67,,25
03404,CORPS GENERATEUR MOUSSE BF 200,,Oui,,,,,,,,,25
03498,"ECROU 2.5""NST ALU",,Oui,,,,,,,,,25
03565,PROPORTIONNEUR RIA 160 L,,Oui,,,16,2,3,72.35,,6,2
04001,1/2 RACC SYM GUIL 20/DC 25 ALU,,Oui,,,,,,3.33,,,
04002,1/2 RAC SYM GUIL 25/DC30 ALU,,Oui,,,150,3,38,4.2299,,4,3
04003,1/2 RAC SYM GUIL 32/DC35 ALU,,Oui,,,150,3,38,5.7806,,4,3
04004,1/2 RAC SYM GUIL 40/DC45 ALU,,Oui,,,,,,4.3475,,,
04012,1/2 RAC SYM GUIL 40/DR35 ALU,,Oui,,8,-8,3,-2,9,72,3,3
04104,"BOITE SYM GUIL 40/FF1""1/2 ALU",,Oui,,520,,,,1.83,951.6,,12
04212,1/2 RAC SYM GUIL 40/DR35 BZE,,Oui,,1038,-1036,6,-148,14.4848,15035.2224,7,6
04212.DIAM33,1/2 RAC SYM GUIL 40/DR33 BZE,,Oui,,528,,,,12.65,6679.2,,12
04264,"1/2 RAC SYM GUIL 40/FF1""1/2 BZ",,Oui,,,,,,18.1448,,,
04602,1/2 RAC DSP 40/DR35 ALU,,Oui,,,,,,36.5456,,,20
04642,"1/2 RAC DSP 40/FF1""1/2 ALU",,Oui,,,,,,43.3992,,,20
04643,"1/2 RAC DSP 40/FF2"" ALU",,Oui,,,,,,14.8602,,,
04683,"BOITE DSP 40/FF2"" ALU",,Oui,,,,,,2.5848,,,
05010,RAC STORZ D25 DA25 ASPI ALU,,Oui,,,22,1,2,3.3583,,11,1
05030,"RAC STORZ FIXE D25 FF1"" ALU",,Oui,,,,4,,3,,4,4
05033,"RAC STORZ FIXE C52 FF2"" ALU",,Oui,,,,3,,3.46,,3,3
05521,1/2 RAC GFR M 20/DC25 BZE,,Oui,,,,,,10,,,14
05531,1/2 RAC GFR F 20/DC25 BZE,,Oui,,,,,,6.8,,,21
06067,JOINT TOR R21 NBR 80Sh A,,Oui,,5964,7891,1,718,0.051,304.164,1,1
06111,JOINT HAUT DE LANCE DN20,,Oui,,-2739,,,,0.035,,,24
06112,JOINT HAUT DE LANCE DN40,,Oui,,8471,,,,0.04,338.84,,23
06161,"JOINT FD FILET 3/4"" NBR 80SH",,Oui,,-5,268,,25,0.035,,11,
06162,"JOINT FOND FILET 1"" NBR 80Sh",,Oui,,-5,268,,25,0.04,,11,
06163,"JOINT FOND FILET 1""1/4 NBR80Sh",,Oui,,10630,10128,5,921,0.04,425.2,11,5
06164,"JOINT FD FILET 1""1/2 NBR",,Oui,,528,,,,0.1,52.8,,12
06232,COLLIER SERRAGE VIS-TUYAU 25,,Oui,,4,17,3,2,0.54,2.16,5,3
06233,COLLIER SERRAGE VIS TUYAU 35,,Oui,,,49,2,6,0.8194,,1,2
06326,"VANNE 1/4 TOUR FM/FF 1""1/2",,Oui,,53,7,9,1,25.16,1333.48,9,9
06331,TUYAU RIA EDF DN33X30m,,Oui,,139,,,,53.28,7405.92,,16
06338,PALETTE BOIS 800X1200 OCCASION,,Oui,,-0.6233999999984,682.6604,,63,2.9,,10,
06354,TUYAU ASPI NU DN110-1M,,Oui,,,,,,19.98,,,25
06547,TUYAU RIA EDF DN33X40m,,Oui,,2221.5,-522.5,11,-47,65.36,145197.24,9,11
06668,COLLIER BAND-IT DN 25,,Oui,,143,,,,1.0807,154.5401,,25
06669,COLLIER BAND-IT DN 33,,Oui,,176,2,7,1,0.801,140.976,7,7
06777,JOINT TOR 110.74X1.78 NBR 70Sh,,Oui,,1000,,,,0.1551,155.1,,
06794,UNITE MOBILE MOUSSE 150L FUT,,Oui,,,,,,560.26,,,23
06811,LANCE MOUSSE BF AV ROB SS ORIF,,Oui,,,,11,,47,,11,11
06813,LANCE MOUSSE BF AV ROB SS ORIF,,Oui,,,,11,,81.35,,11,11
06949,TUBE 50X45 ALU CINTRABLE,,Oui,,1668.184,849.152,,107,3.38,5638.4484,8,
06950,TUBE 40*34 ALU CINTRABLE,,Oui,,2361.443,190.074,4,48,3.19,7532.9936,4,4
06956,TUBE PVC NOIR 25X19.6,,Oui,,,11,1,1,,,11,1
06969,TUYAUX SEMI-RIGIDE DN33/5M DSP,,Oui,,,,,,77.8562,,,17
07098,PROFILE COLLIERRIA DN25,,Oui,,961,,,,7.254,6971.094,,23
07099,PROFILE COLLIER RIA DN33,,Oui,,151,,,,2.55,385.05,,23
07156,"BAGUE FF1""1/2 -FF1""1/4 ALU",,Oui,,,62,2,6,4.6228,,7,2
07198,COLLIER RIA DN25,,Oui,,650,,,,0.3561,231.465,,22
07199,COLLIER SERRAGE RIA DN33,,Oui,,1552,,,,0.64,993.28,,22
07350,ROB DMB 20/7-7 ALU,,Oui,,,2,6,1,26.5535,,10,6
07360,ROBINET DMB,,Oui,,,,,,35,,,14
07440,DIV 2 ROB VOL DSP65 AV/2XDSP40,,Oui,,,20,,2,60.59,,,
07441,DIV 2 ROB VOL AR100 AV/2XDSP65,,Oui,,,,,,102.7,,,21
07451.AV,DIV 3 ROB VOL DSP65 AV/DSP65,,Oui,,,,,,77.3828,,,
07560,ROBINET VDF,,Oui,,526,,,,21.5,11309,,12
07561,PRISE INC SIMPLE DN 65 SS VOL,,Oui,,,,6,,52.0519,,6,6
07562,PRISE INC DOUBLE 40 SS VOLANT,,Oui,,,,6,,74.6396,,6,6
07564,PRISE INC DOUBLE 40 AV VOLANT,,Oui,,,,6,,76.1396,,6,6
07573,"ROB VDF FM2""1/2 1XGUIL65 BZE",,Oui,,,,6,,55.3106,,6,6
07682,DIFFUSEUR DMA,,Oui,,520,-517,11,-47,50.5,26260,11,11
07683,ROB DMA 40/14-14 BZE,,Oui,,,,,,105,,,23
08212,JOINT TORIQUE R12,,Oui,,-5,192,,20,0.0047,,10,
08213,JOINT TOR. R13 NITRILE 70SH,,Oui,,2,262,4,24,0.008,0.016,11,4
08214,JOINT TORIQUE R14,,Oui,,-14,61,1,6,0.012,,1,1
08216.80SH,JOINT TORIQUE R16 NBR 80Sh,,Oui,,5234,3486,1,349,0.0471,246.5214,10,1
08218,JOINT TORIQUE R18 NBR 70Sh,,Oui,,2933,3450,8,314,0.0151,44.2883,11,8
08220,JOINT TORIQUE R20,,Oui,,,,4,,0.0198,,4,4
08221,JOINT TORIQUE R21,,Oui,,1042,-1028,3,-128,0.035,36.47,8,3
08222,JOINT TORIQUE R22,,Oui,,517,,,,0.0305,15.7685,,12
08224,JOINT TOR. R24 NITRILE 70SH,,Oui,,-56,280,1,26,0.0146,,1,1
08226,JOINT TORIQUE R26 NBR 70Sh,,Oui,,18841,20604,5,1874,0.019,357.979,11,5
08229,JOINT TORIQUE R29 NBR 70Sh,,Oui,,14360,1828,1,914,0.036,516.96,2,1
08230,JOINT TORIQUE R30,,Oui,,6012,-2028,12,-169,0.0487,292.7844,12,12
08339,RIA DN19/30 FIXE,,Oui,,,,,,100.6033,,,23
08340,"RIA FIXE DN25/30 POK, NF",,Oui,,,,,,110.84,,,17
08340D,"RIA FIXE DN25/30 DESAUTEL, NF",,Oui,,,122,,11,109.25,,,
08341,"RIA DN33/30M , FIXE",,Oui,,1,,,,129.4385,129.4385,,
08343,RIA EN671-1 TP 33-30M VOL FM,,Oui,,7,417,,139,1066.4224,7464.9568,,
08343.02784,RIA EUROPEEN TOURN/PIVOT DN 33,,Oui,,,8,7,1,142.3521,,6,7
08343.02837,RIA DN33/30M + DMB 40/12 BZE,,Oui,,,4,8,1,152.934,,6,8
08343.40M,RIA DN33 / 40M,,Oui,,,,,,149.6725,,,22
08343.DSP40,"RIA DN33/30M, ENT./SORT. DSP40",,Oui,,,,,,193.5643,,,21
08343.DSP40.FUT.DMB,"RIA DN33/30M, ENT DN40 BZE",,Oui,,,2,7,1,186.6555,,6,7
08343.VERT,"RIA DN33/30M, VERT",,Oui,,2,,12,,118.5125,237.025,12,12
08343D,RIA DN33 30M,,Oui,,29,222,1,111,121.9,3535.1,1,1
08344,RIA DN 25 30 M,,Oui,,153,49,,17,110.8481,16959.7593,,
08344.07350,RIA DN 25 30 M,,Oui,,,3,7,1,126.9686,,6,7
08344.VERT,"RIA DN 25/30M, COULEUR VERT",,Oui,,,,,,138.1108,,,21
08344D,RIA DN25 30M,,Oui,,-80,,1,,110.06,,1,1
08997,HANDY FOAM BF MF 20GPM AUTO-,,Oui,,,,,,263.3363,,,23
09036,LANCE MOUSSE MF AV ROB 200L,,Oui,,,,,,107,,,12
09207,RIA AV PROPORT.LANCE MOUSSE BF,,Oui,,,,,,239.2264,,,21
09207.10M,RIA DN33/10M + KIT MOUSSE,,Oui,,,,,,238.6564,,,16
09208,RIA AV PROPORT.LANCE MOUSSE BF,,Oui,,,23,1,3,295.3716,,1,1
09208.EDF,"RIA DN33/30M + KIT MOUSSE, EDF",,Oui,,,,,,291.4604,,,23
09329,CANNE ASPI STORZ 25,,Oui,,,,,,10.84,,,18
09340,MALLETTE CONTROLE RIA,,Oui,,,,,,49.1543,,,
09407,POCHETTE REP. RIA DN25/DN33,,Oui,,2,309,1,31,1.0051,2.0102,,1
09488,TUYAU RIA DN25/20 GUI DN20 ALU,,Oui,,,,,,27.6008,,,17
09491,TUYAU RIA DN33/20 GUI DN40 ALU,,Oui,,,,,,23.62,,4,
09492,TUYAU RIA DN33/30 GUI DN40 ALU,,Oui,,,,3,,47.375,,4,3
09504,TUYAU SEMI-RIGIDE SP NU DN25,,Oui,,20,,10,,84.8,1696,10,10
09508,TUYAU SP DN25/40 GFR DN20 BRZ,,Oui,,,,8,,106.9408,,8,8
09509,TUYAU RIA DN25/20 ABOUT ALU,,Oui,,,8,7,1,20.22,,6,7
09509D,TUYAU RIA DN25/20 ABOUT ALU,,Oui,,,30,1,3,20.22,,1,1
09510,TUYAU RIA DN25/30 ABOUT,,Oui,,5,21,2,3,26.74,133.7,1,2
09510D,TUYAU RIA DN25/30 ABOUT,,Oui,,,104,,10,28.02,,,
09511,TUYAU RIA DN33/20 ABOUT SERTI,,Oui,,2,3,2,1,6.71,13.42,2,2
09511D,TUYAU RIA DN33/20 ABOUT ALU,,Oui,,,,,,7.7,,,16
09512,TUYAU SEMI-RIGIDE POUR RIA,,Oui,,7,36,1,4,37.85,264.95,,1
09512D,TUYAU SEMI-RIGIDE POUR RIA,,Oui,,,180,1,15,40.12,,1,1
09513.BZE,TUYAU ASPI.DN45 2M-GUIL40 ALU,,Oui,,,,,,65,,,23
09518.BZE,TUYAU ASPI-DN110 4M-AR100 ALU,,Oui,,,,,,,,,23
09800,GAINE ASPI-RFLT DN300 10M AV,,Oui,,18,,,,,,,
1000006,Intervention vérification élec,,Non,,1,,,,329.95,329.95,,
1000007,Certificat Q18,,Oui,,2,,,,39.15,78.3,10,
1000025,intervention tech machines,,Non,,6,,,,49.17,295.02,,
1000026,Remplacement pièces,,Oui,,6,,1,,93.93,563.58,1,1
1000197,Graisse CRC savon noir 1Kg,,Oui,,2,,5,,15.92,31.84,5,5
1000217,Clé plate mixte 13. 440.13,IT,Oui,,2,,8,,4.28,8.56,8,8
1000294,Jeu 9 clés mâles lg tête sph.,,Oui,,3,,6,,14,42,6,6
1000443,Module 7 clés hexagonales,,Oui,,3,,6,,46.01,138.03,6,6
1000450,Pastille adhésive ø20 jaune,,Oui,,2400,,7,,0.0036,8.64,7,7
1000451,Pastille adhésive ø20 orange,,Oui,,400,,7,,0.0036,1.44,7,7
1000452,Pastille adhésive ø20 blanc,,Oui,,11520,,7,,0.0106,122.112,7,7
1000503,Module clé mixte,,Oui,,3,,6,,101,303,6,6
1000533,Distributeur+bouchons oreilles,,Oui,,1,,7,,57.85,57.85,7,7
1000576,Clé à pipe débouchée de 9,,Oui,,3,,6,,4.61,13.83,6,6
1000577,Clé à pipe débouchée de 24,,Oui,,3,,6,,15.12,45.36,6,6
1000578,"Douille tournevis 1/2"" vis 6",,Oui,,3,,6,,13.33,39.99,6,6
1000579,"Douille tournevis 1/2"" vis 6",,Oui,,3,,6,,13.33,39.99,6,6
1000580,Clé cliquet 17 x 19 mm,,Oui,,3,,6,,35,105,6,6
1000581,Réglet inox 300mm,,Oui,,3,,6,,2.53,7.59,6,6
1000582,Module de 8 tournevis,,Oui,,3,,6,,43.34,130.02,6,6
1000583,Module clés à pipe débouchées,,Oui,,3,,6,,83.08,249.24,6,6
1000584,Monture de scie à métaux,,Oui,,3,,6,,19.18,57.54,6,6
1000585,Module 7 outils de frappe,,Oui,,3,,6,,73.96,221.88,6,6
1000586,"Clé à molette 12""",,Oui,,3,,6,,28.38,85.14,6,6
1000587,Pince multiprise CPE 250mm,,Oui,,3,,6,,17,51,6,6
1000588,Module de 5 limes,,Oui,,3,,6,,52.29,156.87,6,6
1000589,"Module cliquet douilles 6 1/2""",,Oui,,3,,6,,117.39,352.17,6,6
1000590,Servante 6 tiroirs rouge,,Oui,,3,,6,,325.94,977.82,6,6
1000627,Cable Cat6a FFTP LSOH 2x4paire,,Oui,,1,,1,,481.78,481.78,1,1
1000642,Rayonnage à bars Portants,,Oui,,1,,4,,2100,2100,4,4
1000699,POUBELLE 100L NOIRE,,Oui,,5,,5,,24.9916,124.958,11,5
1000762.T1/S 40/42,Blouson dynamic fit convoy,OK METAL,Oui,1,2,,,,35,70,,
1000762.T2/M 44/46,Blouson dynamic fit convoy,OK METAL,Oui,1,5,,,,35,175,,
1000762.T3/L 48/50,Blouson dynamic fit convoy,OK METAL,Oui,1,1,,,,35,35,,
1000762.T4/XL 52/54,Blouson dynamic fit convoy,OK METAL,Oui,1,2,,,,35,70,,
1000766,BIG BLOCK KOPAL + CLE SERRAGE,,Oui,,1,,4,,640,640,4,4
1000767,PLAQUE DE SUPPORT,,Oui,,1,,4,,144.9,144.9,4,4
1000798,TABLIER DE SOUDEUR CUIR,,Oui,,2,,4,,27.17,54.34,4,4
1000918,PINCE UNIVERSELLE,OKM,Oui,,3,,3,,16.2,48.6,3,3
1000942,GOUJON D'ANCRAGE M10x95,,Oui,,1,,3,,19.11,19.11,3,3
1000943,GOUJON D'ANCRAGE M10x150,,Oui,,1,,3,,24.21,24.21,3,3
1000973,ADAPTATEUR M-M 6.35X0.8MM,OKM,Oui,,200,,2,,0.1642,32.84,2,2
1000979,ENROULEUR CABLE 25M Ø 3X2.5MM²,OKM,Oui,,,,,,73.06,,,
1000984,MINI BALADEUSE PIVOTANTE,OKM,Oui,,1,,2,,14.5,14.5,2,2
1000985,PINCE CIRCLIPS EXTERIEURS,OKM,Oui,,1,,2,,18.99,18.99,2,2
1000986,COUPE-BOULONS COUPE AXIALE,,Oui,,1,,2,,40.62,40.62,2,2
1000987,PINCE COUPANTE MAXI 200 KG/MM²,OKM,Oui,,3,,2,,24.74,74.22,2,2
1000988,MASSETTE EMBOUT 50MM,OKM,Oui,,3,,2,,58.97,176.91,2,2
1001001,DISQUE A TRONCONNER ø125 X 1.6,OKM,Oui,,20,,2,,0.93,18.6,2,2
1001069,GOMME DE CARROSSIER,OKM,Oui,1,,,,,13.9,,,
1001078,ANTENNE PIED TERRASSE,OKM,Oui,,2,,,,271.82,543.64,,
1001085,CONNECTEUR RJ45 CAT6A,,Oui,,48,,1,,4.48,215.04,1,1
1001086,Jarretière optique monomode OS,,Oui,,4,,1,,6.23,24.92,1,1
1001113,Verin pneumatique AL500A,,Oui,,1,,,,390,390,,
1001114,Ressort pour AL500A,,Oui,,4,,,,78,312,,
1001121,GAZ PROPANE CARBURATION,OKM,Oui,,5,,1,,15.34,76.7,1,1
1001195,CONTRAT DESENFUMAGE OK METAL,,Non,,1,,,,362.59,362.59,,
10525,CONTRE BRIDE TURBO-MOTEUR 3 KW,,Oui,,,,,,,,,25
10527,CONTRE BRIDE TURBO-MOTEUR 2.2,,Oui,,,,,,,,,25
10528,DISTRIBUTEUR SENS HORAIRE,,Oui,,,,,,,,,25
10529,DISTRIBUTEUR SENS HORAIRE,,Oui,,,,,,,,,25
10530,DISTRIBUTEUR ROTATION SENS,,Oui,,,,,,50.87,,,25
10538,FIBULE,,Oui,,702,,,,0.99,694.98,,25
10539,POULIE,,Oui,,169,,,,0.362,61.178,,25
10544,TURBINE TURBO-MOTEUR 2.2KW,,Oui,,,,,,,,,25
10563,FLASQUE AVANT TURBO-MOTEUR 2.2,,Oui,,,,,,,,,25
10564,FLASQUE AVANT TURBO-MOTEUR 3KW,,Oui,,,,,,,,,25
10565,FLASQUE AVANT TURBO-MOTEUR 4KW,,Oui,,,,,,29.02,,,12
10567,COUVERCLE DISTRIBUTEUR TURBO-,,Oui,,,,5,,,,5,5
10569,COUVERCLE DISTRIBUTEUR TURBO-,,Oui,,,,,,5.9,,,25
10571,CORPS TURBO-MOTEUR 2.2 kW ALU,,Oui,,,,,,,,,25
10572,CORPS TURBO-MOTEUR 3 kW ALU,,Oui,,,,,,,,,25
10573,"CORPS TURBO-MOTEUR 5,5 kW ALU",,Oui,,,,,,24.69,,,25
10575,FLASQUE ARRIERE TURBO-MOTEUR,,Oui,,,,,,,,,25
10576,FLASQUE ARRIERE TURBO-MOTEUR,,Oui,,,,,,,,,25
10577,FLASQUE ARRIERE TURBO-MOTEUR 4,,Oui,,1,,,,17.76,17.76,,12
10586,ORIFICE ORIENT. ENTREE TURBO-,,Oui,,,,,,,,,25
10587,ORIFICE ORIENT. ENTREE TURBO-,,Oui,,,,,,30.62,,,12
10589,TUBE SORTIE TURBO MOT 2.2W,,Oui,,,,,,,,,25
10590,TUBE ENTREE TURBO-MOTEUR 2.2KW,,Oui,,,,,,,,,25
10606,"TUBE SORTIE TURBO-MOTEUR 5,5kW",,Oui,,,,,,4.85,,,20
10607,"TUBE ENTREE TURBO-MOTEUR 5,5kW",,Oui,,1,,,,3.22,3.22,,12
10618,DISTRIBUTEUR TURBO MOTEUR 4KW,,Oui,,1,,,,,,,12
10657,DISTRIBUTEUR TURBO MOTEUR 3KW,,Oui,,,,,,,,,25
10680,TUBE SORTIE TURBO-MOTEUR 3 KW,,Oui,,,,,,,,,25
10684,ORIFICE ORIENTABLE SORTIE,,Oui,,,,5,,30.62,,5,5
10972,LANCE MONITOR SNAKE DN50 500L,,Oui,,,,,,140.39,,,
10990,"TUBE EXT BAS 3""NST SUPPORT TEL",,Oui,,,,,,,,,25
11090,FLASQUE DN635 RIA DN33,,Oui,,8947,7442,,931,11.32,101280.04,1,
11090.VERT,"FLASQUE RIA 635, VERT",,Oui,,,,10,,11.32,,10,10
11164,FIBULE ORIENTEUR RIA DN33 INOX,,Oui,,583,,,,1.11,647.13,,25
11165,PATTE D'ACCROCHE,,Oui,,317,,,,1.91,605.47,,25
11204,MOYEU VENTILATEUR DN500 ALU,,Oui,,,,,,,,,25
11237,ORIFICE ORIENTABLE,,Oui,,,,,,,,,25
11269,ORIFICE ORIENTABLE -SORTIE,,Oui,,,,,,,,,25
11310,BOITE EAU DN19 - RIA BZE,,Oui,,,,2,,8.377,,2,2
11313,BOUCHON RIA DN19/DN25 LAITON,,Oui,,-19,55,,55,2.6,,1,
11316,RONDELLE CALAGE RIA DN19/DN25,,Oui,,1293,147,3,49,0.5,646.5,1,3
11318,"COL CYGNE FM1/2""-RIA DN19 ALU",,Oui,,-5,,,,4.38,,,
11319,"COL CYGNE FM3/4""-RIA DN25 ALU",,Oui,,77,56,10,6,2.6476,203.8652,1,10
11323,RIA DN25/30 FIXE NU,,Oui,,,,,,66.6855,,,17
11338,COUSSINET,,Oui,,3081,,,,1.55,4775.55,,13
11340,BOITE EAU DN40 - RIA DN 33 ALU,,Oui,,1009,,,,9.76,9847.84,,13
11341,"COL CYGNE FM1""- RIA DN 33 ALU",,Oui,,112,,,,3.81,426.72,,25
11342,BOUCHON,,Oui,,1502,,,,3.45,5181.9,,13
11521.DSP40,VENTILATEUR MISTRAL 300 DN40,,Oui,,,,,,850,,,23
11665,"CORPS ROB FM1""-RIA DN25 LAITON",,Oui,,1,,,,5,5,,25
11717,"CORPS ROB EQUER FM1""1/2-DN33",,Oui,,,,,,17.45,,,20
11720,RIA NU DN 33 CAPACITE 30M,,Oui,,6,9,3,1,80.2181,481.3086,10,3
11720.BOBINE,DEVIDOIR DN33 NU AVEC BOBINE,,Oui,,,,,,78.6709,,,16
11755,TUBE ALIMENTATION RIA DN19 FIX,,Oui,,179,,,,10.58,1893.82,,25
11756,SUPP TUB ROND RIA DN25 FIXE AZ,,Oui,,203,,,,11.8,2395.4,,25
11759,TUB ALIM ROND RIA DN25 TP AZ,,Oui,,113,,,,11.89,1343.57,,25
11798,ROUE HELICE TURBO POMPE,,Oui,,,,,,,,,25
11802,CORPS TURBO POMPE 1500 2000L,,Oui,,,,,,,,,25
11819,SUP TUY ROND RIA 33 FIXE ACIER,,Oui,,672,,,,12.29,8258.88,,25
11853,TUBE PREHENS DIFF RIA 33 ALU,,Oui,,-301,6029,,603,0.62,,3,
11855,TUBE PREHENS DIFF RIA 25 ALU,,Oui,,-319,3501,,351,0.635,,,
11856,BAGUE SERT -COUDE RIA 19 ALU,,Oui,,-5,217,,22,0.2777,,10,
11857,TUBE PREHENS DIFF RIA 19 ALU,,Oui,,-5,312,,32,0.2777,,1,
11923,ORIFICE SORTIE TURBO MOT 4KW,,Oui,,,,,,,,,25
11927,BAGUE PORTE JOINT TURBO-MOTEUR,,Oui,,,,,,4.5,,,25
12507,RIA DN19/20M FIXE,,Oui,,,5,2,3,98.1263,,1,2
12521,"RIA FIXE DN25/20 POK, NF",,Oui,,,4,6,1,103.1268,,6,6
12521D,"RIA FIXE DN25/20 DESAUTEL, NF",,Oui,,,3,1,1,102.0408,,1,1
12523,"RIA DN33/20M, FIXE",,Oui,,,2,,,95.0753,,,
12556,RIA EN671-1 TP 33-20 M VOL FM,,Oui,,,5,,2,89.4628,,,
12556D,RIA DN33 20M,,Oui,,,,1,,88.66,,1,1
12578,RIA EN671-1 TP 25-20M 1/4TOUR,,Oui,,,6,2,2,103.4137,,1,2
12578.07350,RIA DN2520M + ROBINET DMB ALU,,Oui,,,,,,118.603,,,25
12578D,RIA DN25/20M DESAUTEL,,Oui,,,,,,,,,
12630,RIA NU DN25 30M TOURN PIV,,Oui,,1,5,3,1,76.0981,76.0981,2,3
12742,TUBE MOUSSE AV TAMIS RAC,,Oui,,,,,,44.85,,,23
12899,CROCHET MOBILE SUPPORT LANCE,,Oui,,,,,,5.11,,,25
12907,LEVIER MANOEUVRE SUPPORT LANCE,,Oui,,,,,,7.18,,,25
12909,MANETTE SECURITE SUPPORT LANCE,,Oui,,,,,,3.71,,,25
12910,BIELLETTE SECURITE SUPPORT,,Oui,,,,,,1.8387,,,25
12960,CANNE ASPI DN19 FF3/8,,Oui,,,50,,5,10.71,,11,
13024,DISPOSITIF DIFFUSION AUTO ASPI,,Oui,,,,,,5.98,,,23
13072,CORPS BAGUE TETE DIFF DEBIKADO,,Oui,,,,,,,,,25
13175,BAGUE TETE DIFF EUROPEEN DN25,AB 701,Oui,,2854,,,,0.47,1341.38,,19
13386,NOTICE RIA EUROPEEN FIXE,,Oui,,-1,3,,2,0.18,,2,
13387,NOTICE RIA EUROPEEN FIXE,,Oui,,800,,,,0.18,144,,
13390,ROB AUTOKADOR LEGENDE 750 ALU,,Oui,,,,,,,,,25
13400,COUVERCLE ARRIERE ROB LEGENDE,,Oui,,,,,,,,,25
13489,SURFLASQUE RIA POK,,Oui,,1517,149,3,50,2.526,3831.942,3,3
13677.DSP40,LANCE QST 250L DSP40 TOURN,,Oui,,,,,,138,,,23
13737,REDRESSEUR JET OSCILLATEUR 2,,Oui,,,,,,2.5403,,,25
13878,COUVERCLE ARRIERE POUR ECROU,,Oui,,,,,,,,,25
14000,RESSORT PURGE AUTOKADOR 750,,Oui,,,,,,,,,25
14335,RESSORT PURGE AUTOKADOR 750,,Oui,,,,,,,,,25
14554,DEMI-CROCHET FIXE ARRIERE,,Oui,,,,,,3.82,,,25
14556,DEMI MANCHON AVANT SUPPORT,,Oui,,,,,,4.1,,,25
14558,DEMI MANCHON ARRIERE SUPPORT,,Oui,,,,,,8.04,,,25
14560,BOITE A EAU,,Oui,,,18,4,2,18.9411,,10,4
14609,GUIDE TUY  RIA FIXE 33,,Oui,,460,,,,4.022,1850.12,,25
14844,COL CYGNE M35X1.5 HORIZON INOX,,Oui,,24,18,4,2,16,384,10,4
14942,"ECROU TOURN FF1""1/2 TUBE ALIM",,Oui,,1,,,,7.3,7.3,,13
14994,CORPS TETE ROB VDF 40 LAITON,CB201,Oui,,-1,6596,,600,4.83,,11,
15107,UNITE TRACTABLE DE MOUSSE,,Oui,,,,2,,3244.2714,,2,2
15598,COUSSINET DEVIDOIR 45-70 BZE,,Oui,,,,4,,4.47,,4,4
16000,LANCE MOUSSE,,Oui,,,16,2,3,57.96,,6,2
16143,"VANNE 1/4T FF-FF 1"" MARQUAGE",,Oui,,93,114,12,10,7.11,661.23,1,12
16144,"VANNE FF  /  FF 1"" 1/4",,Oui,,514,,,,5.91,3037.74,,25
16168,BILLE 4 BZE,,Oui,,20064,,,,0.0104,208.6656,,12
16204,BILLES 6.35 GRADE 500 INOX 304,,Oui,,382558,214852,1,19532,0.0088,3366.5104,11,1
16205,TUY SM 19-20M NU NOIR,,Oui,,217,,,,17.8,3862.6,,25
16205.FF24X2,TUYAU SEMI-RIGIDE RIA DN19/20M,,Oui,,,,,,22.6527,,,18
16207,JOINT BOUCHON RIA DN25 DIAM34,,Oui,,109,465,7,47,0.19,20.71,1,7
16262,CARTOUCHE SAVON MAXI ECO VERT,,Oui,,,,,,5,,,23
16275,TUBE SORTIE LANCE GENERATRICE,,Oui,,,,,,,,,25
16288,JOINT PLAT RIA 42X28X3,,Oui,,1648,,,,0.215,354.32,,14
16437,TUYAU AIR DN19 TRICOCLAIR,,Oui,,1,,,,1.756,1.756,,15
16463,"VANNE 1/4T FM-FM 1""1/2 LAITON",,Oui,,88,70,2,7,13.22,1163.36,7,2
16597,KIT ADAPTATION MOUSSE POUR RIA,,Oui,,2,,,,180.0621,360.1242,,12
16659,TUYAU ASPI REFT DN25 ARMATURE,,Oui,,,22,1,2,3.325,,11,1
16717,UNITE MOBILE 100,,Oui,,,,,,555.21,,,23
16770,ESTAMPILLE NF RIA,,Oui,,2228.9952,7782.0022,1,779,0.11,245.19,3,1
16771,DROIT USAGE MARQUE NF,,Non,,2174,7837,1,784,0.21,456.54,3,1
16785,JOINT PLAT 30X8X4 NITRILE,,Oui,,,,4,,0.09,,4,4
17364,DISTRIBUTEUR VENTILATEUR DN500,,Oui,,,,,,,,,25
17643,HOUSSE RIA DIAM 650 DN25,,Oui,,,5,4,1,20.18,,5,4
17644,HOUSSE RIA DIAM 650 DN33,,Oui,,-7,150,3,38,,,4,3
17836,"DIFF FM1""1/2 BSP CHINAJET 12",,Oui,,,,,,,,,25
17847,"TUBE EXTERIEUR BAS 3"" NPT",,Oui,,,,,,,,,25
17881,SUPP MUR RIA TP 33 ASSEMBLE,,Oui,,2031,-518,9,-51,6.24,12673.44,10,9
18149,TUBE ALIMENTATION RIA TP DN33,,Oui,,1061,,,,13.05,13846.05,,25
18359.SG,LANCE DEBOLITE DN40,,Oui,,,,,,,,,
18410,PROPORTIONNEUR,,Oui,,,,11,,120.5,,11,11
18417,COUSSINET RIA INOX TP 25-33 BZ,,Oui,,68,,,,6.5,442,,25
18418,RIA DN33/30M T.P INOX,,Oui,,2,8,6,1,352.7665,705.533,5,6
18418.15M,"RIA DN33/15M, INOX",,Oui,,,,,,345.6123,,,20
18418.20M,RIA DN33/20M INOX,,Oui,,,2,8,1,357.3723,,6,8
18420,TUBE ALIM RIA TP DN25-33 INOX,,Oui,,13,,,,27.48,357.24,,
18423,BAGUE FEM RAC TOURN RIA 33 TP,,Oui,,50,,,,23.48,1174,,25
18424,BAGUE MALE RAC TOURN RIA 33 TP,,Oui,,58,,,,10.55,611.9,,25
18426,PROPORTIONNEUR 200 L,,Oui,,,5,6,1,123.37,,6,6
18432,TUB ALIM RIA DN 33 TP INOX,,Oui,,10,13,11,2,35.04,350.4,11,11
18435,COUSSINET COTE BOUCH RIA TP,,Oui,,81,,,,4,324,,25
18436,SUPPORT RIA INOX,,Oui,,6,,,,55,330,,23
18437,RIA DN25/30M TP INOX,,Oui,,,4,3,2,275.502,,3,3
18437.07360,"RIA 33/30M INOX, FUT+DMB BZE",,Oui,,,,,,327.2709,,,14
18454,COL CYGNE-RIA TP DN25 INOX,,Oui,,6,,,,5.6,33.6,,25
18455,"BAG FM M35X1.50-FF3/4"" RIA 25",,Oui,,19,,,,1.61,30.59,,25
18655,LANCE GALAXIE DSP40 AV ALU,,Oui,,,,,,108.56,,,23
18656,LANCE GALAXIE DSP65 AV,,Oui,,,,,,114.05,,,23
18695,COUSSINET COTE SUPPORT RIA 25,,Oui,,726,,,,3.12,2265.12,,25
18747,PROPORTIONNEUR 400 L,,Oui,,,,11,,111.73,,11,11
19096,RONDELLE DE PROTECTION,,Oui,,3429,-518,8,-64,0.63,2160.27,8,8
19182,BOITE MOUSSE DN80 1200L 5 BAR,,Oui,,,,,,500,,,23
19233,BUTEE POIGNEE ROB LANCE,,Oui,,,,,,,,,25
20721,CANON EAU/MOUSSE AUTO ASPI,,Oui,,,,2,,103.873,,2,2
21257,GATE VALVE DN100 BZE,,Oui,,,,,,,,,25
21261,CLAPET GATE VALVE DN100 BZE,,Oui,,,,,,,,,25
21262,CORPS TRANSMISSION GATE VALVE,,Oui,,,,,,,,,25
21267,"BRIDE 4"" ASA 150 GATE VALVE DN",,Oui,,,,,,,,,25
21484,PROFILE VIROLE PERCAGE DOUBLE,,Oui,,-0.003999999999991,21.4,3,4,4.7614,,7,3
21589,"BOUCHON FF4.5""NST BZE",,Oui,,,,,,,,,25
21591,"VIS PURGE BOUCHON FF4.5""NST",,Oui,,,,,,,,,25
21592,"ECROU PURGE BOUCHON FF4.5""NST",,Oui,,,,,,,,,25
21658,CREMAILLERE DEVIDOIR MOBILE,,Oui,,,,,,,,,
21727,VOLANT MANOEUVRE D165 AXE D16,,Oui,,,,,,14.2339,,,25
21922,RIA INOX TP DN25/30 VOLANT,,Oui,,,7,4,1,234.0429,,4,4
21926,TUB ALIM RIA DN 25 TP INOX,,Oui,,12,,,,50,600,,16
21929,ROBINET VALANT RIA DN25 INOX,,Oui,,37,,4,,12.8178,474.2586,4,4
21934,CORPS ROB VOLANT DN25 RIA,,Oui,,,,4,,5.97,,4,4
21937,BOITE EAU DN25 RIA TP 25 INOX,,Oui,,51,,,,10.1,515.1,,25
21938,RONDEL PROTEC 44.5X34X2 RIA 25,,Oui,,228,,,,1.9,433.2,,25
21939,PALIER RIA TP 25 LAITON,,Oui,,15,,,,6.52,97.8,,25
21941,PALIER BOBINE RIA 25 BZE,,Oui,,,,4,,2.88,,4,4
22368,"EMBOUT SORTIE FM2.5""NST ROB",,Oui,,,,,,8.37,,,25
22563,BOITE EAU RIA 25 ALU,,Oui,,46,,,,10.0631,462.9026,,25
22705,TIGE CLAPET DEBIKADOR 1000 INO,,Oui,,,,,,3.42,,,25
22722,MANCHON GRAVE DOUBLE POIGNEE,,Oui,,,,,,6.99,,,25
22898,RONDELLE PROTECTION RIA,,Oui,,21397,9021,8,752,0.109,2332.273,12,8
22899,RACCORD TOURNANT RIA DN25,,Oui,,315,,,,3.9822,1254.393,,
22918,SUPPORT MURAL DEV DN25 33 PA,,Oui,,7442,4663,2,667,7.36,54773.12,5,2
22925,GUIDE TUYAU RIA DN25 ACIER GAL,,Oui,,1232,,,,,,,25
22927,GUIDE TUYAU RIA DN33 ACIER GAL,,Oui,,5055,536,,179,0.99,5004.45,3,
22945,TUB ALIM ASS RIA 25 ACIER,,Oui,,,8490,,772,12.945,,11,
22945.ZIB,ZINGUAGE BLANC,,Oui,,480,,7,,1.107,531.36,8,7
22947,PALIER DE BOBINE RIA DN25-33,,Oui,,9390,3187,5,532,0.3138,2946.582,6,5
22949,BOITE EAU DN25,,Oui,,,2848,,259,3.88,,11,
22950,BOITE A EAU DN33,,Oui,,,5690,,518,3.87,,11,
22951,FLASQUE DN535 RIA DN25,,Oui,,5942,5286,2,529,9.41,55914.22,10,2
22951.VERT,"FLASQUE RIA DN25, COULEUR VERT",,Oui,,2,,,,24.41,48.82,,23
22959,DIFF TUY SEMI RIGIDE RIA 25,,Oui,,270,2861,,287,8.4461,2280.447,,
22960,CORPS DIFF DN25 TUY RIA 25 ALL,CB902,Oui,,,171,,43,2.78,,4,
22961,BAGUE SERTIR RIA DN25 ALU,,Oui,,,1345,,169,0.2522,,8,
22962,BAGUE SERTIR RIA DN33 ALU,,Oui,,,5222,,523,0.2462,,10,
23138,"ECRAN TACTILE PANEL 10""",,Oui,,,,,,1550,,,25
23146,DIFF DN33 RIA POM-FF 36X2 ALU,,Oui,,-220,3748,1,341,3.429,,,1
23148,CORPS DIFF RIA DN33 POM,AB502,Oui,,9119,7263,11,661,0.97,8845.43,11,11
23149,BAGUE TETE DIFF DN33 POK,OB904,Oui,,3769,618,3,206,0.6899,2600.2331,3,3
23149.ECH,Echantillon de la ref 23149,,Oui,,,,,,,,,
23150,GAINE DE TETE RIA 33 PUR NOIR,AB602,Oui,,5305,709,1,355,0.6911,3666.2855,1,1
23538,DCØ33.5/FM M36X2 ALU,,Oui,,-1,6039,,549,1.13,,,
23538.06112,DOUILLE CRANTEE+JOINT HAUT LAN,,Oui,,,,,,,,,
23540,DCØ25/FM M24X2 ALU,,Oui,,-19,3257,,297,0.79,,,
23540.06111,DOUILLE CRANTEE+JOINT HAUT LAN,,Oui,,,,,,,,,
23554.DSP40,LANCE MOUSSE BF 200 L DSP40,,Oui,,,,,,98.03,,,20
23558.DSP65,LANCE MOUSSE BF 400L DSP65,,Oui,,,,,,53.969,,,23
23693,ENTRETOISE RIA DN25+DN33,,Oui,,14982,1764,11,161,2.94,44047.08,11,11
23693.ROUGE,ENTRETOISE RIA DN25+DN33 ROUGE,,Oui,,,,,,4.82,,,25
23716,SURFLASQUE RIA DESAUTEL,,Oui,,-19,1351,,451,1.26,,1,
24003,POIGNEE REVOLVER SCORPE VERT,,Oui,,,,,,,,,25
24269,ATTACHE TUYAU RIA DN33,,Oui,,2435,2403,7,344,0.29,706.15,,7
24270,ATTACHE TUYAU RIA DN25,,Oui,,6814,1358,7,194,0.19,1294.66,,7
24271,ATTACHE TUYAU RIA DN19,,Oui,,-5,81,,27,0.17,,3,
24679D,"DEVIDOIR DN25/30M, NU, DESAUTE",,Oui,,,,,,51.1354,,,16
24680,DEVIDOIR DN33 BOITE A EAU SS T,,Oui,,,,8,,53.62,,8,8
24680D,"DEVIDOIR DN33/30M, NU, DESAUTE",,Oui,,,6,8,1,52.3544,,8,8
24691,PROFILE PROTECT TUY CAOUT,,Oui,,13267,,,,0.155,2056.385,,25
24850,"RACC ENTREE FM1""1/2 RIA EDF BZ",,Oui,,1333,,,,5.95,7931.35,,14
24853,COL CYGNE FM1 RIA EDF ALU,,Oui,,519,-519,5,-103,5.7,2958.3,5,5
24854,"BAGUE FM1"" 1/2 ET FF1"" 1/2",,Oui,,1323,,,,1,1323,,14
24855,"RIA EDF DN33/30M, AVEC MANCHET",,Oui,,,,,,311.1179,,,17
24856,MANCHETTE ANTI SISMIQUE,,Oui,,,,,,44.4372,,,
24858,DC33.5 RACC TOUR MANCHETTE A S,,Oui,,1452,,,,8.3,12051.6,,12
24867,"RIA EDF DN33/40M, AVEC MANCHET",,Oui,,,,,,327.4779,,,14
24867.CCC,RIA EDF DN33/40 + ETIQUETTE CC,,Oui,,-409,191,,20,327.4909,,,
24905,GAINE DE TETE DIFFUSEUR RIA 25,AB501,Oui,,1802,,,,0.24,432.48,,21
25008,BAGUE TETE DIFF DN25 DESAUTEL,AB801,Oui,,407,,,,0.47,191.29,,19
25009,BAGUE TETE DIFF DN33 DESAUTEL,OB902,Oui,,,,,,0.93,,,23
25009.N,BAGUE TETE DIFF DN33 DESAUTEL,OB802,Oui,,-1834,796,2,266,0.6731,,1,2
25009.N.ECH,Echantillon ref 25009.N,,Oui,,,,,,,,,
25039,SEAU FIREBUSTER 20 L,,Oui,,,,,,190,,,23
25081,CARTON RIA DN25 350X550X737,,Oui,,3124,724,1,181,1.66,5185.84,4,1
25082,CARTON RIA DN33 655X350X757,,Oui,,3335,1523,3,381,1.92,6403.2,1,3
25083,CALAGE DE VANNE ET SUPPORT RIA,,Oui,,-2865,2179,,545,0.495,,3,
25083.OU,OUTILLAGE,,Oui,,,,,,300,,,16
25084,DOUBLE FOND CARTON RIA,,Oui,,3958,8643,3,786,0.44,1741.52,1,3
25141,ETIQUETTE TRACABILITE DN25/20,,Oui,,3393,,,,0.09,305.37,,25
25142,ETIQUETTE TRAC RIA DN25 30M,,Oui,,,86,,86,0.059,,1,
25143,ETIQUETTE TRAC RIA DN33 20M,,Oui,,4366,,,,0.09,392.94,,25
25144,ETIQUETTE TRAC RIA DN33 30M,,Oui,,1038,,,,0.118,122.484,,25
25199,RIA EV TP DN 19  30 M NF,,Oui,,9,67,1,6,109.9752,989.7768,,1
25199D,RIA DN19/30 DESAUTEL,,Oui,,7,136,,12,115.5973,809.1811,,
25203,"RIA TP DN19 20M FM3/4""",,Oui,,,19,5,2,107.6782,,5,5
25203D,RIA DN19 20M,,Oui,,,20,,3,113.5942,,,
25211.ZIB,PALIER RIA 19 ZN,,Oui,,,,,,0.4,,,13
25211OU.CP,OUTILLAGE CIRE PERDUE PALIER,,Oui,,,,,,133.418,,,
25212,PALIER RIA DN19 ACIER ZINGUE,,Oui,,-161,,,,1.1086,,,25
25212.ECH,PALIER RIA DN19 ACIER ZINGUE,,Oui,,,,,,,,,
25213,RAC TOURN RIA DN19 LAITON,,Oui,,196,,,,6.41,1256.36,,25
25213.26778,RAC TOURN DN19 RIA +VANNE 1/4T,,Oui,,,4,3,1,13.71,,3,3
25214,TUBE ALIM SOUDE RIA TP 19,,Oui,,46,219,11,20,12.5,575,11,11
25258,BOITE EAU RIA TP 19 ALU,,Oui,,-5,128,,32,9.2,,4,
25258.11318,BOITE + COL DE CYGNE RIA DN19,,Oui,,,,,,,,,
25269,DIFF DN19 RIA 19,,Oui,,,134,,14,8.7461,,,
25271,DIFF DN19 FF M24X2 ALU,,Oui,,1190,,,,7,8330,,14
25277,DC19/FM M24X2 ALU,,Oui,,-5,,,,0.89,,,
25277.06111,DOUILLE CRANTEE DN19 + JOINT,,Oui,,,,,,,,,
25281,CORPS ROB DN33 LAITON MATRICE,,Oui,,,,,,18.1,,,25
25297,ETIQUETTE LOGO POK 25 20M,,Oui,,,2,1,1,0.0678,,2,1
25298,ETIQUETTE LOGO POK 25 30M,,Oui,,,86,,86,0.08,,1,
25299,ETIQUETTE LOGO POK 33 20M,,Oui,,,1,,1,0.08,,2,
25300,ETIQUETTE LOGO POK 33 30M,,Oui,,85,-91,2,-45,0.064,5.44,2,2
25302,ETIQUETTE LOGO DESAUTEL 25 30M,,Oui,,,,1,,0.08,,1,1
25303,ETIQUETTE LOGO DESAUTEL 33 20M,,Oui,,,6,1,6,0.0769,,1,1
25304,ETIQUETTE LOGO DESAUTEL 33 30M,,Oui,,,,1,,0.08,,1,1
25842,DIFFUSEUR DN19 + ABOUT,,Oui,,5,8,4,1,11.0811,55.4055,4,4
25843,DIFF RIA DN25 + DOUILLE CRANTE,,Oui,,1,17,5,2,10.1911,10.1911,5,5
25844,DIFFUSEUR DN33 + ABOUT,,Oui,,,1,10,1,5.659,,9,10
25931,ECROU BORGNE A EMBASE M8,,Oui,,-5277,7517,10,752,0.0736,,10,10
25938,SUPPORT SOUDE RIA TP 25 30 M,,Oui,,5,,,,23.5,117.5,,25
25941,SUPPORT PALIER RIA TP DN25 40M,,Oui,,13,,4,,31.76,412.88,4,4
26177,FILM ETIRABLE TRANSPARENT MACH,,Non,,-67.8724,,,,1.77,,,
26208,"VANNE 1/4T FM1"" RIA DN25",CB201,Oui,,1724,3251,1,296,6.95,11981.8,3,1
26270,CARTON 600X400X400,,Non,,-12,,,,1.55,,,
26413,CANNE ASPI ULTRA LIGHT,,Oui,,,,6,,12.9295,,6,6
26480,TUYAU RIA NU DN19-30m NOIR,,Oui,,228,268,8,25,19.8,4514.4,1,8
26480.1,TUYAU RIA DN19/30M ABOUT SERTI,,Oui,,,,,,23.9777,,,23
26482,TUYAU RIA NU DN25-20m NOIR,,Oui,,207.5,263.5,11,24,15.6,3237,4,11
26483,TUYAU RIA NU DN25-30m NOIR,,Oui,,3547.9967,2844,,259,23.4,83023.2,1,
26484,TUYAU RIA NU DN25-40m NOIR,,Oui,,7,,,,36.08,252.56,,25
26485,TUYAU RIA NU DN33-20m NOIR,,Oui,,355.125,265.875,8,25,1.14,404.8482,,8
26486,TUYAU RIA NU DN33-30m NOIR,,Oui,700,43031,8648,,787,34.2,1471660.2,2,
26696,TUYAU HUTCHINSON 2TE DN32,,Oui,,528,,,,11.2,5913.6,,12
26778,VANNE 1/4T FM3/4 RIA DN19,,Oui,,86,144,3,29,5.06,435.16,5,3
26801,JOINT TOR. 33.5X4 NBR 70SH,,Oui,,16453,4194,1,600,0.055,904.915,1,1
27011,ETIQUETTE RIA DN19 20M AUTO,,Oui,,467,,,,0.09,42.03,,25
27012,ETIQUETTE TRAC RIA DN19/30M,,Oui,,521,,,,0.387,201.627,,25
27044,ROB DN33 RIA TP V2010,AB102,Oui,,-150,6305,,526,16.4079,,,
27047,CORPS ROB DN33 RIA TP LAITON,CB401,Oui,,-1,6595,,600,6.67,,11,
27069,"ECROU TOURN FF1""1/4 BSP RIA",CB301,Oui,,1949,,,,3.1108,6062.9492,,14
27095,"RACC TOURNANT FF1""BSP RIA TP",CB203,Oui,,,3200,,291,4.77,,11,
27105,"DIFFUSEUR DN33 100LITRES FM2""",,Oui,,18,295,3,25,4.339,78.102,2,3
27105.C52,"DIF. DN33 100L, RAC. C52 ALU",,Oui,,1,,3,,7.799,7.799,3,3
27107,CORPS DIFF 100L A 3BAR POM,,Oui,,114,,,,1.88,214.32,,
27364,TUYAU RIA DN19/20 ABOUT SERTI,,Oui,,,4,8,1,22.6527,,8,8
27366,TUYAU RIA DN19/30 ABOUT SERTI,,Oui,,,86,1,10,24.6527,,1,1
27367,SUPPORT MURAL RIA TP DN19,,Oui,,,,6,,9.1086,,6,6
28397,ETI CARTON POK DN19/20M,,Oui,,740,,,,0.0769,56.906,,25
28398,ETI CARTON POK RIA DN19/30,,Oui,,557,,,,0.0769,42.8333,,25
28399,ETI CARTON DESAUTEL DN19/20M,,Oui,,448,,,,0.0769,34.4512,,25
28400,ETI CARTON DESAUTEL DN19/30,,Oui,,141,,,,0.08,11.28,,25
28519,RIA DN19/30 NU,,Oui,,,,,,83.6736,,,14
28522,"RIA EDF DN33/30M, SANS MANCHET",,Oui,,,5,2,1,258.2141,,1,2
28522.SD02837,RIA EDF DN33/30 SANS DIF + DMB,,Oui,,,,,,204.7752,,,24
28523,"RIA EDF DN33/40M, SANS MANCHET",,Oui,,1,,3,,259.0862,259.0862,3,3
28529,PROFILE VIROLE DIAM 280 DEV V.,,Oui,,,17.1,6,2,4.5087,,11,6
28541,FLASQUE DN480 DEVIDOIR VEH.INO,,Oui,,,20,3,3,24.7247,,7,3
28542,FLASQUE DN610 DEVIDOIR VEH.INO,,Oui,,,18,6,2,49.21,,11,6
28543,"BAGUE FF4"" -FF5"" ALU",,Oui,,,,,,,,,
28633.DSP40,LANCE MAGIKADOR 500 DSP40 AV,,Oui,,6,,,,120.0817,720.4902,,12
28698,DIFF TURBOKADOR 3000 FM 2 1/2,,Oui,,,,,,210,,,23
29152.NST,CANON EAU MOUSSE UC AUTO ASPI,,Oui,,,,,,280,,,23
29471,POCHETTE REPARATION RIA DN19,,Oui,,,44,1,7,1.37,,,1
29473,POCHETTE REPARATION RIA DN25,,Oui,,,8,2,4,1.8484,,1,2
29474,POCHETTE REPARTION RIA DN33,,Oui,,,,,,2.0498,,,21
29525,RIA DN33/30M + KIT MOUSSE MF,,Oui,,,,,,306.4363,,,19
29945,POTEAU RIA 2011 ACIER,,Oui,,,,,,17,,,
29946,RENFORT POTEAU RIA 2011 ACIER,,Oui,,,,,,0.64,,,
29956,POTEAU RIA 2011 ECO,,Oui,,,12,4,2,58.6,,5,4
29957,SEMELLE POTEAU RIA 2011 ECO,,Oui,,,,,,11,,,
30083,PLAQUE A SOUDER RIA EDF,,Oui,,48,,,,9.71,466.08,,25
30126,SUPPORT LANCE RIA EDF,,Oui,,784,,,,2.165,1697.36,,25
30484,COUDE RIA DN33 GRIVORY,,Oui,,,,,,2.46,,,25
30485,COUDE RIA DN25 GRIVORY,,Oui,,,,,,2.28,,,25
30520,CORPS DIFF RIA DN 33 ALU,,Oui,,,51,1,17,14.8905,,1,1
30840,DIFF. RIA DN33 POK ALU/PLAST,,Oui,,,,,,,,,
30865,DIFFUSEUR RIA DN33 DESAUTEL AL,,Oui,,12,569,1,52,17.3327,207.9924,1,1
32826.DSP40,LANCE EAU/MOUSSE 80-250 L/MN,,Oui,,,,,,109,,,23
32975.AR,DEBITMETRE ELECTRONIQUE DN100,,Oui,,,,,,620,,,23
33025,DIFF DESAUTEL DN25 POM,,Oui,,-64,2468,,206,8.4461,,1,
33026,DIFF DESAUTEL DN33 POM,BB302,Oui,,,,,,3.6271,,,25
33026.N,DIIFF RIA DN33 DESAUTEL NOIR,,Oui,,-200,3406,,284,3.4122,,2,
33057,"VANNE 1/4 T FM FM1"" ON OFF+RAC",,Oui,,-239,3610,,301,16.3479,,,
33067,DIFFUSEUR DN19 DESAUTEL,,Oui,,-5,247,,25,8.7461,,2,
33333,RIA TP DN33-30M DIFF ALU-PLAST,,Oui,,1,,,,134.6945,134.6945,,
33333D,"RIA DN33/30 DESAUTEL, ALU/PLAS",,Oui,,,,1,,135.0451,,1,1
34293,TAMBOUR RIA DN25 ET DN33,,Oui,,3628,1039,2,260,10.92,39617.76,3,2
34321,RONDELLE DE RETENUE BOITE A EA,,Oui,,2512,635,3,212,0.64,1607.68,3,3
34588,"CORP DIF DN25, FM1"" BSP ALU",,Oui,,201,,,,8.83,1774.83,,25
34624,BROSSE A TABLEAUX N°14,,Oui,,,,,,0.8,,,18
34864,RIA DN25/20M TP POK,,Oui,,10,78,2,7,101.0569,1010.569,1,2
34864D,RIA 25/20M TP DESAUTEL,,Oui,,8,156,,15,100.3153,802.5224,,
34868,RIA DN25/30M TP POK,,Oui,,-140,1168,,98,108.6157,,,
34868.07350,RIA DN25/30 + DMB20/8-8 ALU,,Oui,,,,,,126.313,,,
34868D,RIA DN25/30M TP DESAUTEL,,Oui,,-248,1728,,158,107.8715,,,
34872,RIA DN33/20M TP POK,,Oui,,,36,2,3,86.3908,,2,2
34872D,RIA DN33/20M DESAUTEL,,Oui,,12,90,3,9,85.7534,1029.0408,,3
34876,RIA TP DN33-30M,,Oui,,-371,2603,1,217,118.8998,,,1
34876.02784,"RIA DN33/30M, DMB40/12-12 ALU",,Oui,,,,,,143.4721,,,
34876.10M,RIA DN33/10M,,Oui,,,1,7,1,84.7885,,6,7
34876.18359.SG,RIA DN33/30 + DEBOLITE DN40,,Oui,,,,,,,,,
34876.18359.SG40,RIA DN33/30 + DEBOLITE DN40,,Oui,,,,,,,,,
34876.DN40 ALU,"RIA DN33/30, SORTIE DN40 ALU",,Oui,,,,4,,122.7135,,4,4
34876D,RIA DN33/30M TP DESAUTEL,,Oui,,12,2284,,208,118.2647,1419.1764,,
34876D.VERT,RIA DN33/30 DESAUTEL VERT,,Oui,,,,,,117.7666,,,
34880D,RIA DN33/20M DESAUTEL DIFF ALU,,Oui,,,,,,99.35,,,22
34884,RIA DN33/30M POK DIFF ALU,,Oui,,,,,,133.0513,,,17
34884D,RIA DN33/30 DESAUTEL DIFF ALU,,Oui,,-6,84,,9,132.3931,,,
35049,"RACCCORD TOURNANT FM 1"" 1/2 BS",,Oui,,87,,,,5.72,497.64,,19
35935,"BAGUE TRANS FM36X2 / FF 1.5""NH",,Oui,,25,,,,,,,25
36006,NOTICE UTILISATION RIA DN25/33,,Oui,,6342,3402,10,341,0.0372,235.9224,10,10
36007,NOTICE UTILISATION RIA DN19,,Oui,,1049,105,10,11,0.1067,111.9283,10,10
36008,NOTICE UTILISATION RIA DN25,,Oui,,7355,3445,10,345,0.0367,269.9285,10,10
36009,NOTICE UTILISATION RIA DN19,,Oui,,1607,,,,0.0948,152.3436,,25
36010,TRANSPALETTE ECO 2 000KG,,Oui,,,,,,241.53,,,17
36093,POMPE A GRAISSE,,Oui,,1,,5,,14.5,14.5,5,5
36345,ETIQUETTE. CHINE CCC,,Oui,,,,,,0.013,,,
36392,GENERATEUR QUASAR 400,,Oui,,,,,,8375,,,19
36397,PLATINE POUR MOTEUR,,Oui,,,,,,459,,,17
36432,EMBOUT NYLON FACOM 212.E50,,Oui,,,,,,11.3,,,18
36433,High Energy LR06 x 4 Blister C,,Oui,,,,,,3.87,,,18
36434,Alcaline LR03 Blister 4 Maxi T,,Oui,,,,,,5.16,,,18
36436,ONYX MARKER 1481,,Oui,,,,,,30.19,,,19
36437,TRODAT PRINTY 4280,,Oui,,,,,,12.2,,,19
36438,BLISTER 3 FEUTRES TRODAT 5440,,Oui,,,,,,7.24,,,19
36439,BLISTER 3 FEUTRES TRODAT 4820,,Oui,,,,,,6.2,,,19
36446,ACETONE,,Oui,,10,,1,,2.98,29.8,1,1
36520,PINCE CIRCLIP,,Oui,,4,,6,,14.56,58.24,6,6
36994,ECROU HEXAGONAL BRIDE M8 ZINGU,,Oui,,41331,78714,10,7872,0.0158,653.0298,1,10
37268,ETIQUETTE RIA DN33 20M DIFF AL,,Oui,,500,,,,0.09,45,,
37269,ETIQUETTE RIA DN33 30M DIFF AL,,Oui,,500,,,,0.09,45,,
37270,ETIQUETTE RIA DN19 20M DESAUTE,,Oui,,471,,,,0.387,182.277,,25
37271,ETIQUETTE RIA DN19 30M DESAUTE,,Oui,,437,,,,0.387,169.119,,25
37273,ETIQUETTE RIA DN25 30M DESAUTE,,Oui,,,,1,,0.059,,1,1
37274,ETIQUETTE RIA DN33 20M DESAUTE,,Oui,,,6,1,6,0.09,,1,1
37275,ETIQUETTE RIA DN33 30M DESAUTE,,Oui,,393,,1,,0.118,46.374,1,1
37277,ETIQUETTE RIA DN33 30M DESAUTE,,Oui,,93,,,,0.09,8.37,,
39652.DSP40,LANCE LEGENDE 500 DHT,,Oui,,,,,,215.8,,,21
39865,ETIQUETTE DE TRACABILITE 33/20,,Oui,,944.0007,3,4,1,0.617,582.448,4,4
39866,ETIQUETTE DE TRACABILITE 33/30,,Oui,,2742,-83,4,-20,0.066,180.972,4,4
39867,ETIQUETTE TRACABILITE 33/20 AL,,Oui,,500,,,,0.617,308.5,,25
39868,ETIQUETTE TRACABILITE 33/30 AL,,Oui,,500,,,,0.617,308.5,,25
39869,ETIQUETTE TRACABILITE 25/20,,Oui,,853,,,,0.33,281.49,,25
39870,ETIQUETTE TRACABILITE 25/30,,Oui,,5121,-43,4,-10,0.089,455.769,4,4
39871,ETIQUETTE TRACABILITE 33/20 DE,,Oui,,634,,4,,0.617,391.178,4,4
39872,ETIQUETTE TRACABILITE 33/30 DE,,Oui,,10607,2020,4,184,0.089,944.023,11,4
39873,ETIQUETTE TRAC. 33/20 ALU DESA,,Oui,,500,,,,0.617,308.5,,25
39874,ETIQUETTE TRAC. 33/30 ALU DESA,,Oui,,521,24,4,6,0.617,321.457,4,4
39875,ETIQUETTE TRAC. 25/20 DESAUTEL,,Oui,,940,34,4,9,0.33,310.2,4,4
39876,ETIQUETTE TRAC. 25/30 DESAUTEL,,Oui,,2256,392,4,79,0.107,241.392,5,4
40530.FF2.5.NST,DIFFUSEUR MANUEL PROSTOIA,,Oui,,,,,,140,,,23
40875,SURFLASQUE PICTOGRAMME EDF,,Oui,,2020,-524,11,-47,2.966,5991.32,11,11
40894,CANNE ASPI STORZ LG=1.5M,,Oui,,,,,,,,,
40897,TUBE POUR CANNE ASPI LG=0.5M,,Oui,,,,,,,,,
40903,CORPS DIF 100L A 3 BAR,,Oui,,507,,,,1.88,953.16,,25
41203,ETIQUETTE CARTON DESSAUTEL VER,,Oui,,696,,,,0.0726,50.5296,,25
41204,ETIQUETTE CARTON DESSAUTEL JAU,,Oui,,4281,1408,11,128,0.0518,221.7558,11,11
41205,ETIQUETTE CARTON DESSAUTEL ROU,,Oui,,382,,,,0.0726,27.7332,,25
41206,ETIQUETTE CARTON DESSAUTEL BLC,,Oui,,5334,2020,11,184,0.0519,276.8346,11,11
41207,ETIQUETTE CARTON DESSAUTEL ROS,,Oui,,482,,,,0.0723,34.8486,,25
41208,ETIQUETTE CARTON DESSAUTEL GRI,,Oui,,704,84,11,8,0.0518,36.4672,11,11
41440,ETI. TRA. RIA FIXE 25/20 DESAU,,Oui,,499,1,7,1,0.4678,233.4322,7,7
41441,ETI. TRA. RIA FIXE 25/30 DESAU,,Oui,,1986,14,7,2,0.4678,929.0508,7,7
41442,ETIQUETTE DESAUT CTN RIA 25-20,,Oui,,249,1,4,1,0.124,30.876,4,4
41443,ETIQUETTE DESAUT CTN RIA 25-30,,Oui,,986,14,4,4,0.124,122.264,4,4
41463,ETIQUETTE DE TRACABILITE 25-20,,Oui,,100,,4,,0.124,12.4,4,4
41464,ETIQUETTE DE TRACABILITE 25-30,,Oui,,250,,4,,0.124,31,4,4
41465,ETIQUETTE POK CARTON RIA 25-20,,Oui,,100,,4,,0.124,12.4,4,4
41466,ETIQUETTE POK CARTON RIA 25-30,,Oui,,250,,4,,0.124,31,4,4
41706,PROP. PIA 2017,,Oui,,,60,,6,115.52,,2,
41709,LANCE MOUSSE MF,,Oui,,,4,2,1,98.1691,,11,2
41712,LANCE PIA 2017,,Oui,,,55,,5,56.21,,11,
41716,KIT MOUSSE BF PIA DESAUTEL,,Oui,,-6,40,1,7,222.8947,,6,1
41873D,RIA TP DN33 30M,,Oui,,-6,34,1,7,100.9449,,5,1
41875,TUYAU RIA DN33/30 ASSEMBLE,,Oui,,,40,1,8,41.4562,,5,1
41885,SURFLASQUE PICTOGRAMME PIA,,Oui,,,,,,,,,18
41885.PICT,AUTOCOLLANT PIA DESAUTEL,,Oui,,188,6,1,6,2.9468,553.9984,1,1
41902,VANNE D'ARRET PIA,,Oui,,,59,,6,45.83,,11,
41913,PIA DN33/30 BF POK,,Oui,,1,18,1,2,312.7744,312.7744,,1
41919D,PIA DN33/20 BF DESAUTEL,,Oui,,,,8,,277.9394,,8,8
41922D,PIA DN 33/20 MF DESAUTEL,,Oui,,,,4,,322.5343,,4,4
41925D,PIA DN 33/30 BF DESAUTEL,,Oui,,,70,,7,330.2374,,,
41928D,PIA DN 33/30 MF DESAUTEL,,Oui,,,4,3,1,355.6385,,3,3
41969,ETIQUETTE POK RIA DN25 20M VER,,Oui,,353.998,,,,0.0586,20.7444,,25
41970,ETIQUETTE RIA DN 25 30M JAU,,Oui,,4151,,,,0.0584,242.4184,,25
41971,ETIQUETTE RIA DN33 20M ROSE,,Oui,,451.9993,,,,0.0586,26.4872,,25
41972,ETIQUETTE RIA DN 33 30M BLANC,,Oui,,12747,,,,0.0586,746.9742,,20
41973,ETIQUETTE RIA DN 33 20M ROUGE,,Oui,,250,,,,0.0586,14.65,,25
41974,ETIQUETTE RIA DN33 30M - GRIS,,Oui,,249,,,,0.0586,14.5914,,25
42022.PICT,AUTOCOLLANT PIA POK,,Oui,,,8,1,4,3.5,,2,1
42218,MONTMIRAIL SB OSCILLANTE BRIDE,,Oui,,,,,,690,,,23
42261,ETI. TRA. PIA POK 33/20 BF,,Oui,,200,,,,0.407,81.4,,19
42262,ETI. TRA. PIA POK 33/20 MF,,Oui,,200,,,,0.407,81.4,,19
42263,ETI. TRA. PIA POK 33/30 BF,,Oui,,174.0878,,,,0.407,70.85463,,19
42264,ETI. TRA. PIA POK 33/20 MF,,Oui,,200,,,,0.407,81.4,,19
42822,ETI. TRA. PIA DESAUT 33/20 BF,,Oui,,199.9135,,,,0.407,81.36337,,19
42823,ETI. TRA. PIA DESAUT 33/20 MF,,Oui,,199.9167,,,,0.407,81.36744,,19
42824,ETI. TRA. PIA DESAUT 33/30 BF,,Oui,,147.2566,,,,0.407,59.93482,,19
42825,ETI. TRA. PIA DESAUT 33/30 MF,,Oui,,197.6702,,,,0.407,80.45169,,19
42843,ETI. CART PIA POK 33/20 BF 1/2,,Oui,,200,,,,0.15,30,,20
42844,ETI. CART PIA POK 33/20 BF 2/2,,Oui,,200,,,,0.15,30,,20
42845,ETI. CART PIA POK 33/20 MF 1/2,,Oui,,200,,,,0.1279,25.58,,18
42846,ETI. CART PIA POK 33/20 MF 2/2,,Oui,,200,,,,0.1279,25.58,,18
42847,ETI. CART PIA POK 33/30 BF 1/2,,Oui,,164,,,,0.1279,20.9756,,18
42848,ETI. CART PIA POK 33/30 BF 2/2,,Oui,,164,,,,0.1279,20.9756,,18
42849,ETI. CART PIA POK 33/30 MF 1/2,,Oui,,200,,,,0.15,30,,20
42850,ETI. CART PIA POK 33/30 MF 2/2,,Oui,,200,,,,0.15,30,,20
42851,ETI. CART PIA DES 33/20 BF 1/2,,Oui,,199,,,,0.15,29.85,,20
42852,ETI. CART PIA DES 33/20 BF 2/2,,Oui,,199,,,,0.15,29.85,,20
42853,ETI. CART PIA DES 33/20 MF 1/2,,Oui,,199,,,,0.1279,25.4521,,18
42854,ETI. CART PIA DES 33/20 MF 2/2,,Oui,,199,,,,0.1279,25.4521,,18
42855,ETI. CART PIA DES 33/30 BF 1/2,,Oui,,84,,,,0.1279,10.7436,,18
42856,ETI. CART PIA DES 33/30 BF 2/2,,Oui,,84,,,,0.1279,10.7436,,18
42857,ETI. CART PIA DES 33/30 MF 1/2,,Oui,,194,,,,0.15,29.1,,20
42858,ETI. CART PIA DES 33/30 MF 2/2,,Oui,,194,,,,0.15,29.1,,20
42881,CORPS ROBINET RIA,,Oui,,,,,,6.3079,,,
42882,MATRICAGE CORPS DE ROBINET,,Oui,,,,,,6.3079,,,
99101.FR,CATALOGUE POK PRODUIT 2017,,Oui,,,,,,,,,23
99301.FREN,FLYER POK INDUSTRIE FR EN,,Oui,,,,,,,,,23
99302.FREN,FLYER POK IND PETROLIERE FR EN,,Oui,,,,,,,,,23
99304.FREN,FLYER POK DIV COL CLAPET FR EN,,Oui,,,,,,,,,23
99305.FREN,FLYER POK LANCE A MAIN FR EN,,Oui,,,,,,,,,23
99307.FREN,FLYER POK EQU MOUSSE FR EN,,Oui,,,,,,,,,23
99308.FREN,FLYER POK MONITOR RC FR EN,,Oui,,,,,,,,,23
99309.FREN,FLYER POK MONITOR MAN FR EN,,Oui,,,,,,,,,23
99312.FREN,FLYER POK CHASSIS TRACT FR EN,,Oui,,,,,,,,,23
99315.FREN,FLYER POK BATIMENT FR EN,,Oui,,,,,,,,,23
99316.FREN,FLYER POK MINE FR EN,,Oui,,,,,,,,,23
ALAA60RC00003428,ROND Ø34*Ø28MM ALU 6060F13,,Oui,,,,,,2.5,,,
ASSEMBLAGE,ASSEMBLAGE,,Non,,,,,,0.25,,,
ATEL00001,TRANSPAL MAN HAUTE LEVEE,,Oui,,,,,,449,,,15
CIR E 32,CIRCLIPS EXT 32 INOX,,Oui,,,12,3,2,0.5586,,7,3
CIR E 42,CIRCLIPS EXT 42 INOX A2,,Oui,,867,-465,5,-42,0.6975,604.7325,11,5
CIR E 42 ACP,CIRCLIPS EXT 42 ACIER PHOSP.,,Oui,,,8829,,803,0.07,,3,
CIR E 50,CIRCLIPS EXT 50 INOX A2,,Oui,,,26,3,3,0.8077,,11,3
CMP,COUT MATIERE PREMIERE,,Non,,-31.145,,,,1,,,
COLLAGE.OKM,COLLAGE.OKM,,Oui,,,,,,0.25,,,
DECOUPE,DECOUPE MATIERE,,Non,,,,,,0.32,,,
DECOUPE.OKM,DECOUPE MATIERE,,Non,,,,,,0.59,,,
DOC.OUT,Documentation outillage,,Non,,,,,,,,,
EBAVURAGE.OKM,EBAVURAGE,,Non,,,,,,0.25,,,
EBM8ZN,ECROU BORGNE M8 ZINGUE,,Oui,,,,,,0.0318,,,17
EHM10,ECROU H M10 INOX A2,,Oui,,,,,,0.05,,,
EHM6,ECROU M6 INOX,,Oui,,,,,,0.0075,,,25
EHM6ZN,ECROU H M6 ACIER ZINGUE,,Oui,,2286,,,,0.0038,8.6868,,25
EHM8,ECROU M8 INOX,,Oui,,,,3,,0.0195,,3,3
EHm6,ECROU BAS M6 INOX A2 DIN439B,,Oui,,1306,,,,0.0072,9.4032,,25
EHm8,ECROU BAS M8 INOX A2 DIN439B,,Oui,,3595,,,,,,,25
EPI00001T44,CHAUSSURES CURTIS FLEX T44,OK METAL,Oui,1,2,,,,44.96,89.92,,
EPI00001T46,CHAUSSURES CURTIS FLEX T46,OK METAL,Oui,1,1,,,,44.96,44.96,,
EPI00002,CHAUSSURES KONTACT,,Oui,,,,,,46.81,,,14
EPI00003,PANTALON DE TRAVAIL TRUELLE,,Oui,,,,,,13.7,,,14
EPI00004,PANTALON DE TRAVAIL MINERAI,,Oui,,,,,,35.5,,,14
EPI00005,VESTE DE TRAVAIL COLZA,,Oui,,,,,,24.85,,,14
EPI00015.TL/50,PANTALON DYNAMIC FIT CONVOY,OK METAL,Oui,1,4,,,,28.9,115.6,,
EPI00015.TM/44,PANTALON DYNAMIC FIT CONVOY,OK METAL,Oui,1,10,,,,28.9,289,,
EPI00015.TM/46,PANTALON DYNAMIC FIT CONVOY,OK METAL,Oui,1,2,,,,28.9,57.8,,
EPI00015.TS/40,PANTALON DYNAMIC FIT CONVOY,OK METAL,Oui,1,4,,,,28.9,115.6,,
EPI00020T38,CHAUSSURES MIKA S3 T38,OK METAL,Oui,1,1,,,,44.47,44.47,,
EPI00020T41,CHAUSSURES MIKA S3 T41,OK METAL,Oui,1,1,,,,44.47,44.47,,
EPI00020T43,CHAUSSURES MIKA S3 T43,OK METAL,Oui,1,,,,,44.47,,,
FDB00027,DESTRUCTEUR AUTO REXEL 600,OKM,Non,,1,,3,,910,910,3,3
MAINT000112.TL,GANT VINYL NON POUDRE T.L X100,,Oui,,1,,5,,2.75,2.75,5,5
MO,MAIN D OEUVRE,,Non,,-3314.5,,,,0.32,,,
MONT00008,ASPIRATEUR EAU ET POUSSIERE,,Oui,,,,,,318,,,14
MONT00009,TIGE FILETEE ZI 10,,Oui,,,,,,0.93,,,16
MONT00021,TABLE ELEVATRICE 500KG,,Oui,,2,,6,,365,730,6,6
ORIGINE,ORIGINE,,Non,,-4,,,,,,,
PERCAGE.OKM,PERCAGE,,Non,,,,,,0.25,,,
RGW10,RONDELLE GROWER W M10 INOX A2,,Oui,,,,,,0.0093,,,25
RM10,RONDELLE M10,,Oui,,,284,3,26,0.0347,,11,3
RM8,RONDELLE M8 INOX,,Oui,,,,3,,0.01,,3,3
RM8ZN,RONDELLE PLATE M8 ACIER ZN,,Oui,,7484,,,,0.0052,38.9168,,25
TARAUDAGE.OKM,TARAUDAGE,,Non,,,,,,0.25,,,
VIBRAGE,VIBRAGE PCS,,Non,,,,,,0.3,,,
VSTHC BP 5X10,VIS STHC POINTEAU 5X10 INOX A2,,Oui,,1040,,,,0.0134,13.936,,12
VSTHC BP 5X5,VIS STHC POINTEAU 5X5 INOX A2,,Oui,,8333,-302,3,-37,0.009,74.997,1,3
VSTHC BT 6X10,VIS STHC BOUT TETON 6X10 INOX,,Oui,,6008,2845,5,356,0.0139,83.5112,8,5
VSTHC BT 6X12,VIS STHC BOUT TETON 6X12 INOX,,Oui,,13015,3710,2,619,0.012,156.18,1,2
VSTHC PL 10X10,VIS STHC PLAT 10X10 INOX A2,,Oui,,-1,9794,,891,0.02,,11,
VSTHC PL 6X8,VIS STHC PLAT 6X8 INOX A2,,Oui,,526,-526,10,-52,0.012,6.312,10,10
VSTHC PL 8X6,VIS STHC PLAT 8X6 INOX A2,,Oui,,,,,,0.0142,,,25
VTBHC 10X16,VIS TBHC 10X16 INOX A2,,Oui,,,,,,0.0925,,,25
VTBHC 12X16,VIS TBHC 12X16 INOX A2,,Oui,,137,,1,,0.21,28.77,3,1
VTBHC 12X16ZN,VIS TBHC 12X16 ACIER ZN,,Oui,,,987,,124,0.0156,,8,
VTBHC 12X20,VIS TBHC 12X20 INOX A2,,Oui,,76,,,,6.31,479.56,,
VTBHC 12X30,VIS TBHC 12X30 INOX A2,,Oui,,,,,,0.17,,,25
VTBHC 8X12,VIS TBHC 8X12 INOX A2,,Oui,,24,,1,,0.04,0.96,2,1
VTBHC 8X12ZN,VIS TBHC 8X12 ZINGUE BLANC,,Oui,,-57,846,,77,0.0399,,1,
VTCHC 10X25,VIS TCHC 10X25 INOX A2,,Oui,,,,,,0.0824,,,
VTCHC 5X10,VIS CHC 5X10 INOX A2,,Oui,,4433,567,3,63,0.0155,68.7115,9,3
VTCHC 5X16,VIS TCHC 5X16 INOX A2,,Oui,,44,,,,0.02,0.88,,12
VTCHC 6X30ZN,VIS TCHC 6X30 ACIER ZINGUE,,Oui,,1965,168,3,16,0.0156,30.654,1,3
VTH 10X20,VIS TH 10X20 INOX A2,,Oui,,,,,,0.0936,,,25
VTH 10X30,VIS TH 10X30 INOX A2,,Oui,,,284,3,26,0.2004,,11,3
